{"stats":{"minecraft:broken":{"minecraft:stone_pickaxe":2},"minecraft:custom":{"minecraft:mob_kills":94,"minecraft:interact_with_crafting_table":20,"minecraft:open_barrel":3,"minecraft:damage_dealt_resisted":114,"minecraft:leave_game":2,"minecraft:time_since_death":50262,"minecraft:climb_one_cm":214,"minecraft:sprint_one_cm":218219,"minecraft:walk_one_cm":585567,"minecraft:damage_blocked_by_shield":455,"minecraft:drop":5,"minecraft:damage_dealt_absorbed":121,"minecraft:play_time":226164,"minecraft:deaths":4,"minecraft:sneak_time":8324,"minecraft:walk_under_water_one_cm":16678,"minecraft:jump":1348,"minecraft:walk_on_water_one_cm":10012,"minecraft:total_world_time":226164,"minecraft:interact_with_furnace":3,"minecraft:sleep_in_bed":7,"minecraft:time_since_rest":18051,"minecraft:damage_taken":1408,"minecraft:damage_absorbed":32,"minecraft:trigger_trapped_chest":1,"minecraft:damage_dealt":11598,"minecraft:swim_one_cm":4124,"minecraft:fly_one_cm":1704715,"minecraft:player_kills":2,"minecraft:open_chest":49,"minecraft:crouch_one_cm":14727,"minecraft:interact_with_smoker":1,"minecraft:fall_one_cm":6995},"minecraft:used":{"spore:cdu":14,"minecraft:oak_fence":80,"minecraft:moss_block":1,"minecraft:flint_and_steel":42,"minecraft:spruce_planks":51,"minecraft:chest":15,"minecraft:iron_sword":161,"travelersbackpack:black_sleeping_bag":2,"minecraft:dried_kelp_block":8,"minecraft:oak_door":1,"minecraft:torch":303,"minecraft:dirt":148,"artifacts:umbrella":16,"minecraft:jungle_planks":19,"minecraft:cobblestone_wall":77,"minecraft:light_blue_bed":2,"mores:amethyst_pickaxe":32,"securitycraft:sentry":7,"minecraft:furnace":1,"minecraft:acacia_fence":15,"minecraft:cobbled_deepslate":37,"minecraft:acacia_planks":17,"minecraft:water_bucket":1,"celestisynth:breezebreaker":3,"cardiac:life_bottle":6,"minecraft:birch_planks":179,"minecraft:stone_pickaxe":349,"minecraft:oak_planks":334,"minecraft:wooden_pickaxe":6,"elevatorid:elevator_white":23,"minecraft:sand":20,"minecraft:tnt":103,"minecraft:oak_slab":56,"minecraft:crafting_table":2,"l2weaponry:dogmatic_standoff":34,"mores:graphene_battleaxe":2,"celestisynth:solaris":79,"minecraft:black_bed":2,"minecraft:gray_terracotta":1,"minecraft:bread":10,"minecraft:deepslate":276,"minecraft:acacia_fence_gate":1,"minecraft:stone_axe":41,"mores:cobalt_apple":1,"minecraft:cobblestone":500,"minecraft:green_concrete_powder":3,"celestisynth:frostbound":48,"minecraft:birch_stairs":6},"minecraft:killed":{"deadland:rider":1,"graveyard:skeleton_creeper":1,"spore:braiomil":1,"minecraft:spider":1,"spore:leaper":2,"spore:inquisitor":1,"minecraft:skeleton":1,"spore:jagd":3,"spore:usurper":2,"spore:delusioner":1,"spore:braurei":2,"spore:gastgaber":1,"minecraft:wolf":1,"spore:vigil":1,"graveyard:ghoul":1,"spore:inf_player":5,"spore:inf_wanderer":2,"minecraft:salmon":5,"spore:inf_evoker":1,"spore:volatile":1,"spore:scamper":2,"spore:inf_drowned":2,"spore:umarmed":1,"spore:inf_pillager":6,"spore:brot":1,"spore:inf_villager":13,"spore:mound":1,"deadland:obeser":1,"spore:inf_human":9,"minecraft:zombie":4,"spore:howler":1,"spore:claw":2,"spore:busser":2,"spore:inf_husk":4,"spore:slasher":1},"minecraft:crafted":{"minecraft:furnace":1,"minecraft:acacia_fence_gate":1,"minecraft:stone_pickaxe":7,"minecraft:chest":6,"minecraft:acacia_fence":18,"minecraft:wheat":45,"minecraft:crafting_table":2,"minecraft:wooden_pickaxe":1,"travelersbackpack:black_sleeping_bag":1,"minecraft:stone_axe":1,"minecraft:bread":16,"minecraft:jungle_planks":28,"minecraft:stick":56,"minecraft:acacia_planks":120,"minecraft:torch":20},"minecraft:picked_up":{"spore:mutated_heart":9,"minecraft:black_carpet":1,"minecraft:wheat":39,"minecraft:flower_pot":1,"graveyard:dark_iron_ingot":5,"artifacts:umbrella":4,"minecraft:wooden_pickaxe":1,"minecraft:shield":1,"minecraft:string":2,"spore:innards":4,"minecraft:raw_copper":12,"minecraft:oak_sign":2,"graveyard:corruption":1,"minecraft:cobbled_deepslate":1,"spore:ice_canister":119,"travelersbackpack:black_sleeping_bag":5,"minecraft:quartz_stairs":3,"minecraft:chest":2,"minecraft:egg":2,"spore:tumor":20,"minecraft:stick":16,"minecraft:raw_iron":34,"minecraft:acacia_fence":9,"spore:wing_membrane":1,"minecraft:torch":21,"minecraft:acacia_log":7,"travelersbackpack:iron_tier_upgrade":1,"minecraft:snow_block":1,"minecraft:stone_button":4,"mores:topaz_gem":3,"minecraft:diorite":2,"minecraft:light_blue_bed":2,"cardiac:life_bottle":29,"mores:raw_tin":133,"minecraft:tnt":1,"minecraft:quartz_block":2,"minecraft:stone_shovel":1,"minecraft:rotten_flesh":15,"minecraft:arrow":6,"minecraft:cactus":2,"minecraft:hay_block":5,"minecraft:sandstone_stairs":3,"minecraft:iron_block":3,"l2weaponry:spear_of_winter_storm":1,"minecraft:gold_ingot":5,"evilcraft:condensed_blood":37,"spore:alveolic_sack":12,"spore:tendons":8,"minecraft:cobblestone":293,"minecraft:white_wool":1,"spore:cdu":6,"minecraft:birch_log":19,"minecraft:leather_chestplate":1,"spore:altered_spleen":1,"minecraft:jungle_log":2,"minecraft:black_bed":1,"minecraft:cut_sandstone":1,"minecraft:green_concrete_powder":3,"minecraft:jungle_wood":5,"minecraft:chiseled_quartz_block":3,"evilcraft:flesh_humanoid":4,"minecraft:cobblestone_wall":4,"minecraft:blue_bed":1,"minecraft:cut_sandstone_slab":1,"minecraft:dirt":155,"securitycraft:sentry":5,"minecraft:apple":1,"minecraft:bone":6,"minecraft:acacia_planks":69,"minecraft:gray_carpet":2,"minecraft:bow":1,"minecraft:gray_terracotta":1,"minecraft:wheat_seeds":9,"minecraft:rabbit_hide":1,"minecraft:iron_ingot":27,"minecraft:stone_pickaxe":5,"spore:mutated_fiber":248,"spore:spine":2,"minecraft:rabbit":2,"minecraft:moss_block":1,"minecraft:oak_planks":193,"minecraft:iron_sword":1,"minecraft:acacia_sapling":6,"elevatorid:elevator_white":2,"spore:cerebrum":5,"artifacts:rooted_boots":4,"spore:armor_fragment":62,"minecraft:sand":22,"mores:steel_battleaxe":1,"mores:raw_cobalt":2,"minecraft:grass_block":1,"spore:claw_fragment":104,"minecraft:pumpkin_seeds":1,"minecraft:dried_kelp_block":8,"minecraft:diamond":2,"minecraft:stone_axe":5,"evilcraft:broom":3,"evilcraft:dark_gem":26,"minecraft:granite":25,"minecraft:bone_meal":14,"minecraft:bread":13,"spore:spine_fragment":11,"minecraft:oak_sapling":6,"minecraft:light_gray_carpet":1,"minecraft:black_wool":3,"minecraft:coal":16,"minecraft:ender_pearl":5},"minecraft:dropped":{"minecraft:wheat_seeds":1,"minecraft:cactus":2,"minecraft:oak_sign":1,"minecraft:stone_pickaxe":1},"minecraft:mined":{"minecraft:quartz_stairs":4,"minecraft:granite":25,"minecraft:acacia_log":7,"minecraft:grass_block":13,"minecraft:jungle_log":2,"minecraft:moss_block":1,"minecraft:potted_fern":1,"minecraft:hay_block":5,"minecraft:iron_ore":14,"minecraft:black_carpet":1,"minecraft:vine":1,"travelersbackpack:black_sleeping_bag":2,"minecraft:stone":286,"minecraft:white_wool":1,"minecraft:gray_terracotta":1,"minecraft:light_gray_carpet":1,"minecraft:acacia_leaves":8,"minecraft:glass_pane":2,"minecraft:quartz_block":4,"minecraft:chiseled_quartz_block":4,"minecraft:torch":1,"minecraft:green_concrete_powder":4,"minecraft:chest":1,"minecraft:copper_ore":3,"minecraft:cobblestone":3,"minecraft:dried_kelp_block":8,"minecraft:oak_planks":1,"minecraft:diorite":9,"mores:tin_ore":14,"minecraft:wall_torch":1,"minecraft:jungle_wood":5,"minecraft:light_blue_bed":2,"minecraft:cobblestone_wall":1,"minecraft:wheat":3,"minecraft:grass":1,"minecraft:black_wool":3,"minecraft:coal_ore":16,"minecraft:sand":26,"minecraft:dirt":11,"minecraft:gray_carpet":2,"minecraft:deepslate":1}},"DataVersion":3465}