{"stats":{"minecraft:picked_up":{"minecraft:wooden_axe":3,"minecraft:crafting_table":7,"minecraft:cooked_beef":5,"minecraft:andesite":15,"minecraft:wooden_pickaxe":4,"minecraft:oak_log":34,"evilcraft:flesh_humanoid":2,"minecraft:dirt":74,"minecraft:cooked_mutton":1,"minecraft:wheat_seeds":6,"minecraft:stone_pickaxe":4,"minecraft:beef":18,"minecraft:iron_ingot":18,"spore:mutated_fiber":25,"minecraft:oak_planks":12,"minecraft:egg":2,"minecraft:stick":6,"minecraft:raw_iron":89,"minecraft:torch":142,"minecraft:porkchop":2,"minecraft:diorite":1,"minecraft:rotten_flesh":1,"minecraft:stone_axe":3,"minecraft:granite":8,"minecraft:oak_sapling":16,"minecraft:black_wool":1,"minecraft:mutton":4,"minecraft:coal":178,"minecraft:white_wool":2,"minecraft:cobblestone":285},"minecraft:dropped":{"minecraft:iron_ingot":9,"minecraft:cooked_beef":3,"minecraft:oak_planks":4,"minecraft:stick":6,"minecraft:stone_pickaxe":1},"minecraft:crafted":{"minecraft:oak_planks":68,"minecraft:crafting_table":3,"minecraft:wooden_pickaxe":1,"minecraft:campfire":1,"minecraft:stone_axe":2,"minecraft:stick":44,"minecraft:wooden_axe":1,"minecraft:stone_pickaxe":3,"minecraft:torch":76},"minecraft:used":{"minecraft:cooked_mutton":1,"minecraft:diorite":1,"minecraft:stone_pickaxe":136,"minecraft:wooden_pickaxe":35,"minecraft:rotten_flesh":1,"minecraft:torch":17,"minecraft:dirt":6,"minecraft:mutton":1,"minecraft:crafting_table":5,"minecraft:campfire":1,"minecraft:granite":8,"minecraft:wooden_axe":29,"evilcraft:flesh_humanoid":1,"minecraft:stone_axe":32,"minecraft:cobblestone":18,"minecraft:cooked_beef":2},"minecraft:mined":{"minecraft:crafting_table":3,"minecraft:torch":2,"minecraft:granite":8,"minecraft:grass_block":10,"minecraft:tall_grass":5,"minecraft:cobblestone":1,"minecraft:iron_ore":18,"minecraft:grass":29,"minecraft:oak_log":37,"minecraft:coal_ore":20,"minecraft:gravel":1,"minecraft:dirt":30,"minecraft:stone":119,"minecraft:oak_leaves":4},"minecraft:killed":{"minecraft:pig":1,"minecraft:sheep":1,"minecraft:zombie":2,"minecraft:cow":2},"minecraft:custom":{"minecraft:interact_with_furnace":1,"minecraft:mob_kills":6,"minecraft:interact_with_crafting_table":7,"minecraft:interact_with_campfire":8,"minecraft:leave_game":7,"minecraft:time_since_death":9291,"minecraft:time_since_rest":9321,"minecraft:sprint_one_cm":138154,"minecraft:damage_taken":3205,"minecraft:walk_one_cm":260110,"minecraft:drop":12,"minecraft:damage_dealt":1982,"minecraft:talked_to_villager":1,"minecraft:fly_one_cm":136822,"minecraft:crouch_one_cm":4404,"minecraft:play_time":65269,"minecraft:deaths":8,"minecraft:sneak_time":1052,"minecraft:jump":872,"minecraft:total_world_time":65269,"minecraft:fall_one_cm":16860}},"DataVersion":3465}