{"stats":{"minecraft:custom":{"minecraft:interact_with_furnace":3,"minecraft:mob_kills":10,"minecraft:interact_with_crafting_table":16,"minecraft:open_barrel":3,"minecraft:damage_dealt_resisted":114,"minecraft:leave_game":1,"minecraft:time_since_death":9509,"minecraft:climb_one_cm":214,"minecraft:sleep_in_bed":5,"minecraft:time_since_rest":6583,"minecraft:sprint_one_cm":164700,"minecraft:damage_taken":1340,"minecraft:walk_one_cm":223758,"minecraft:damage_blocked_by_shield":455,"minecraft:drop":3,"minecraft:damage_dealt":2675,"minecraft:swim_one_cm":1588,"minecraft:fly_one_cm":192941,"minecraft:open_chest":39,"minecraft:crouch_one_cm":996,"minecraft:play_time":60617,"minecraft:sneak_time":343,"minecraft:deaths":3,"minecraft:walk_under_water_one_cm":585,"minecraft:jump":807,"minecraft:walk_on_water_one_cm":270,"minecraft:total_world_time":60617,"minecraft:fall_one_cm":6995},"minecraft:used":{"minecraft:moss_block":1,"minecraft:flint_and_steel":5,"cardiac:life_bottle":2,"minecraft:stone_pickaxe":37,"minecraft:oak_planks":1,"minecraft:chest":7,"minecraft:wooden_pickaxe":6,"minecraft:iron_sword":15,"travelersbackpack:black_sleeping_bag":2,"minecraft:dried_kelp_block":8,"minecraft:sand":20,"minecraft:torch":17,"minecraft:dirt":13,"artifacts:umbrella":16,"minecraft:tnt":9,"l2weaponry:dogmatic_standoff":34,"minecraft:jungle_planks":19,"minecraft:gray_terracotta":1,"minecraft:bread":10,"minecraft:light_blue_bed":2,"mores:cobalt_apple":1,"minecraft:stone_axe":41,"minecraft:acacia_fence_gate":1,"minecraft:cobblestone":5,"minecraft:furnace":1,"minecraft:green_concrete_powder":3,"minecraft:acacia_fence":15,"minecraft:acacia_planks":17},"minecraft:killed":{"spore:inf_player":2,"spore:volatile":1,"spore:inquisitor":1,"spore:inf_human":1,"minecraft:zombie":4,"spore:busser":1},"minecraft:crafted":{"minecraft:wooden_pickaxe":1,"minecraft:furnace":1,"minecraft:acacia_fence_gate":1,"travelersbackpack:black_sleeping_bag":1,"minecraft:stone_axe":1,"minecraft:bread":16,"minecraft:jungle_planks":28,"minecraft:stick":24,"minecraft:stone_pickaxe":1,"minecraft:chest":6,"minecraft:acacia_fence":18,"minecraft:acacia_planks":120,"minecraft:torch":20,"minecraft:wheat":45},"minecraft:picked_up":{"spore:mutated_heart":1,"minecraft:black_carpet":1,"minecraft:wheat":39,"minecraft:flower_pot":1,"minecraft:jungle_log":2,"minecraft:jungle_wood":5,"minecraft:cut_sandstone":1,"minecraft:green_concrete_powder":3,"artifacts:umbrella":3,"minecraft:wooden_pickaxe":1,"minecraft:chiseled_quartz_block":3,"minecraft:cobblestone_wall":4,"minecraft:cut_sandstone_slab":1,"minecraft:string":2,"spore:innards":1,"minecraft:dirt":62,"minecraft:acacia_planks":69,"minecraft:oak_sign":2,"minecraft:gray_carpet":2,"minecraft:gray_terracotta":1,"minecraft:wheat_seeds":6,"minecraft:rabbit_hide":1,"minecraft:iron_ingot":1,"minecraft:stone_pickaxe":3,"spore:mutated_fiber":1,"travelersbackpack:black_sleeping_bag":4,"minecraft:rabbit":2,"minecraft:acacia_sapling":6,"minecraft:moss_block":1,"minecraft:quartz_stairs":3,"minecraft:chest":1,"minecraft:iron_sword":1,"minecraft:oak_planks":1,"spore:tumor":2,"minecraft:stick":15,"minecraft:raw_iron":4,"minecraft:acacia_fence":9,"artifacts:rooted_boots":3,"spore:armor_fragment":12,"minecraft:torch":17,"minecraft:acacia_log":7,"minecraft:sand":22,"minecraft:stone_button":4,"minecraft:light_blue_bed":2,"cardiac:life_bottle":14,"mores:raw_tin":104,"minecraft:tnt":1,"minecraft:quartz_block":2,"spore:claw_fragment":21,"minecraft:rotten_flesh":13,"minecraft:pumpkin_seeds":1,"minecraft:cactus":2,"minecraft:dried_kelp_block":8,"minecraft:stone_axe":3,"evilcraft:broom":3,"minecraft:hay_block":5,"minecraft:sandstone_stairs":3,"minecraft:bread":13,"minecraft:light_gray_carpet":1,"minecraft:black_wool":3,"minecraft:cobblestone":19,"minecraft:white_wool":1},"minecraft:dropped":{"minecraft:oak_sign":1,"minecraft:cactus":2},"minecraft:mined":{"minecraft:gray_terracotta":1,"minecraft:light_gray_carpet":1,"minecraft:acacia_leaves":8,"minecraft:glass_pane":2,"minecraft:quartz_stairs":4,"minecraft:quartz_block":4,"minecraft:chiseled_quartz_block":4,"minecraft:torch":1,"minecraft:acacia_log":7,"minecraft:grass_block":13,"minecraft:green_concrete_powder":4,"minecraft:chest":1,"minecraft:jungle_log":2,"minecraft:dried_kelp_block":8,"minecraft:moss_block":1,"minecraft:oak_planks":1,"minecraft:wall_torch":1,"mores:tin_ore":8,"minecraft:potted_fern":1,"minecraft:hay_block":5,"minecraft:jungle_wood":5,"minecraft:light_blue_bed":2,"minecraft:cobblestone_wall":1,"minecraft:iron_ore":4,"minecraft:wheat":3,"minecraft:black_carpet":1,"minecraft:black_wool":3,"minecraft:grass":1,"minecraft:vine":1,"minecraft:sand":26,"minecraft:gray_carpet":2,"travelersbackpack:black_sleeping_bag":2,"minecraft:stone":15,"minecraft:white_wool":1}},"DataVersion":3465}