{"stats":{"minecraft:picked_up":{"minecraft:wooden_axe":3,"minecraft:crafting_table":12,"minecraft:ladder":2,"minecraft:brown_mushroom":7,"minecraft:wooden_pickaxe":5,"minecraft:enchanted_book":1,"minecraft:amethyst_block":101,"minecraft:moss_carpet":2,"minecraft:string":4,"graveyard:corruption":4,"minecraft:activator_rail":6,"minecraft:cobbled_deepslate":1,"graveyard:gravestone":1,"celestisynth:lunar_stone":3,"minecraft:beef":18,"minecraft:calcite":51,"minecraft:spruce_slab":2,"minecraft:egg":4,"minecraft:stick":14,"minecraft:raw_iron":129,"minecraft:polished_deepslate_slab":3,"minecraft:torch":157,"minecraft:porkchop":4,"minecraft:diorite":3,"minecraft:warped_button":2,"mores:raw_tin":94,"minecraft:arrow":2,"minecraft:rotten_flesh":3,"minecraft:mutton":8,"minecraft:white_wool":4,"minecraft:rail":10,"minecraft:cobblestone":342,"minecraft:mossy_cobblestone_slab":1,"minecraft:cooked_beef":5,"minecraft:andesite":15,"minecraft:black_bed":2,"minecraft:red_mushroom":6,"minecraft:oak_log":40,"evilcraft:flesh_humanoid":3,"artifacts:superstitious_hat":1,"minecraft:gunpowder":4,"mores:steel_ingot":2,"minecraft:dirt":90,"minecraft:cooked_mutton":5,"minecraft:bone":8,"minecraft:kelp":37,"minecraft:wheat_seeds":6,"minecraft:cobbled_deepslate_slab":6,"minecraft:stone_pickaxe":5,"minecraft:iron_ingot":18,"spore:mutated_fiber":25,"minecraft:oak_planks":32,"minecraft:book":3,"minecraft:smooth_basalt":27,"minecraft:amethyst_shard":13,"mores:raw_cobalt":19,"minecraft:ink_sac":2,"minecraft:spider_eye":2,"mores:tin_ingot":3,"graveyard:oak_coffin":1,"minecraft:stone_axe":4,"mores:anthracite":4,"evilcraft:broom":1,"evilcraft:dark_gem":20,"minecraft:granite":8,"minecraft:bone_meal":1,"minecraft:mossy_cobblestone_stairs":1,"mores:amethyst_chestplate":1,"minecraft:oak_sapling":18,"mores:raw_silver":10,"minecraft:black_wool":2,"minecraft:stripped_dark_oak_log":4,"minecraft:coal":216},"minecraft:dropped":{"minecraft:iron_ingot":9,"minecraft:cooked_beef":3,"minecraft:activator_rail":3,"minecraft:rail":5,"minecraft:stick":6,"evilcraft:broom":1,"minecraft:smooth_basalt":9,"minecraft:oak_planks":4,"minecraft:cooked_mutton":2,"minecraft:oak_sapling":2,"minecraft:warped_button":2,"minecraft:stone_pickaxe":1,"minecraft:calcite":17},"minecraft:crafted":{"mores:amethyst_chestplate":1,"minecraft:oak_planks":68,"minecraft:bone_meal":18,"minecraft:stone_pickaxe":4,"minecraft:crafting_table":4,"minecraft:wooden_pickaxe":1,"mores:amethyst_axe":1,"minecraft:campfire":3,"minecraft:stone_axe":3,"minecraft:stick":52,"minecraft:wooden_axe":1,"minecraft:torch":88},"minecraft:broken":{"minecraft:leather_helmet":1,"minecraft:stone_pickaxe":1,"minecraft:stone_axe":1},"minecraft:used":{"minecraft:rotten_flesh":3,"minecraft:torch":31,"minecraft:dirt":9,"minecraft:mutton":1,"minecraft:granite":8,"minecraft:wooden_axe":29,"evilcraft:flesh_humanoid":1,"minecraft:golden_carrot":4,"minecraft:cooked_beef":2,"minecraft:cooked_mutton":3,"minecraft:diorite":1,"minecraft:amethyst_block":13,"cardiac:life_bottle":5,"minecraft:stone_pickaxe":376,"minecraft:oak_planks":5,"minecraft:wooden_pickaxe":35,"minecraft:golden_apple":1,"minecraft:crafting_table":9,"minecraft:campfire":3,"mores:amethyst_axe":28,"minecraft:stone_axe":137,"minecraft:cobblestone":29,"minecraft:porkchop":2,"minecraft:kelp":17},"minecraft:mined":{"minecraft:spruce_planks":1,"minecraft:mossy_cobblestone":1,"minecraft:ladder":2,"minecraft:budding_amethyst":7,"minecraft:granite":8,"minecraft:cobbled_deepslate_slab":7,"minecraft:grass_block":15,"minecraft:brown_mushroom_block":32,"minecraft:coal_block":3,"minecraft:spruce_leaves":2,"minecraft:moss_block":1,"minecraft:kelp":1,"minecraft:spawner":1,"minecraft:large_fern":1,"minecraft:mossy_cobblestone_slab":1,"minecraft:mossy_cobblestone_stairs":1,"minecraft:polished_basalt":1,"minecraft:iron_ore":38,"minecraft:cobbled_deepslate":1,"evilcraft:dark_ore":2,"minecraft:polished_deepslate_slab":7,"minecraft:small_amethyst_bud":1,"minecraft:warped_button":1,"minecraft:stone":146,"mores:cobalt_ore":19,"minecraft:kelp_plant":13,"minecraft:medium_amethyst_bud":2,"minecraft:amethyst_cluster":2,"minecraft:crafting_table":6,"minecraft:torch":2,"minecraft:calcite":17,"minecraft:mushroom_stem":8,"mores:anthracite_ore":2,"minecraft:tall_grass":5,"minecraft:cobblestone":1,"minecraft:diorite":1,"mores:tin_ore":15,"minecraft:amethyst_block":63,"minecraft:seagrass":1,"minecraft:black_bed":2,"minecraft:grass":32,"minecraft:coal_ore":37,"minecraft:oak_log":43,"minecraft:gravel":1,"graveyard:leaning_skeleton":1,"minecraft:dirt":35,"mores:silver_ore":5,"minecraft:smooth_basalt":9,"minecraft:red_mushroom_block":22,"minecraft:oak_leaves":6},"minecraft:killed":{"minecraft:cave_spider":1,"minecraft:skeleton":1,"graveyard:acolyte":4,"minecraft:pig":3,"spore:inf_player":1,"minecraft:creeper":3,"minecraft:squid":1,"minecraft:sheep":3,"spore:inf_villager":1,"minecraft:zombie":5,"minecraft:cow":2},"minecraft:custom":{"minecraft:mob_kills":25,"minecraft:interact_with_crafting_table":17,"minecraft:open_barrel":22,"minecraft:interact_with_campfire":12,"minecraft:leave_game":8,"minecraft:time_since_death":40103,"minecraft:climb_one_cm":1521,"minecraft:sprint_one_cm":253625,"minecraft:walk_one_cm":492662,"minecraft:drop":21,"minecraft:talked_to_villager":1,"minecraft:play_time":134333,"minecraft:deaths":9,"minecraft:sneak_time":3694,"minecraft:walk_under_water_one_cm":31402,"minecraft:boat_one_cm":46150,"minecraft:jump":1405,"minecraft:walk_on_water_one_cm":29962,"minecraft:total_world_time":134333,"minecraft:interact_with_furnace":5,"minecraft:time_since_rest":40129,"minecraft:damage_taken":4667,"minecraft:damage_absorbed":40,"minecraft:damage_dealt":5807,"minecraft:swim_one_cm":66040,"minecraft:fly_one_cm":196947,"minecraft:open_chest":6,"minecraft:crouch_one_cm":12448,"minecraft:fall_one_cm":26545}},"DataVersion":3465}