{"stats":{"minecraft:picked_up":{"minecraft:wooden_axe":3,"minecraft:crafting_table":12,"minecraft:mossy_cobblestone_slab":1,"minecraft:cooked_beef":5,"minecraft:black_bed":2,"minecraft:andesite":15,"minecraft:brown_mushroom":7,"minecraft:wooden_pickaxe":4,"minecraft:red_mushroom":6,"minecraft:enchanted_book":1,"artifacts:superstitious_hat":1,"minecraft:oak_log":40,"evilcraft:flesh_humanoid":3,"minecraft:gunpowder":4,"minecraft:amethyst_block":101,"mores:steel_ingot":2,"minecraft:string":4,"minecraft:dirt":90,"minecraft:cooked_mutton":5,"minecraft:bone":8,"graveyard:gravestone":1,"minecraft:activator_rail":6,"minecraft:kelp":37,"minecraft:cobbled_deepslate":1,"minecraft:wheat_seeds":6,"minecraft:cobbled_deepslate_slab":6,"minecraft:beef":18,"celestisynth:lunar_stone":3,"minecraft:iron_ingot":18,"minecraft:stone_pickaxe":5,"minecraft:calcite":51,"spore:mutated_fiber":25,"minecraft:oak_planks":32,"minecraft:egg":4,"minecraft:polished_deepslate_slab":3,"minecraft:raw_iron":129,"minecraft:stick":12,"minecraft:smooth_basalt":27,"minecraft:torch":157,"minecraft:porkchop":4,"minecraft:amethyst_shard":8,"mores:raw_cobalt":19,"minecraft:ink_sac":2,"minecraft:diorite":3,"minecraft:warped_button":1,"minecraft:spider_eye":2,"mores:tin_ingot":3,"mores:raw_tin":94,"minecraft:arrow":2,"minecraft:rotten_flesh":3,"minecraft:stone_axe":4,"evilcraft:broom":1,"mores:anthracite":4,"evilcraft:dark_gem":20,"minecraft:granite":8,"minecraft:bone_meal":1,"mores:amethyst_chestplate":1,"minecraft:oak_sapling":18,"mores:raw_silver":10,"minecraft:black_wool":2,"minecraft:mutton":8,"minecraft:coal":216,"minecraft:rail":10,"minecraft:white_wool":4,"minecraft:cobblestone":341},"minecraft:dropped":{"minecraft:iron_ingot":9,"minecraft:cooked_beef":3,"minecraft:oak_planks":4,"minecraft:activator_rail":3,"minecraft:rail":5,"minecraft:stick":6,"evilcraft:broom":1,"minecraft:oak_sapling":2,"minecraft:stone_pickaxe":1,"minecraft:calcite":17,"minecraft:smooth_basalt":9},"minecraft:crafted":{"mores:amethyst_chestplate":1,"minecraft:oak_planks":68,"minecraft:crafting_table":3,"minecraft:wooden_pickaxe":1,"minecraft:bone_meal":18,"minecraft:campfire":2,"minecraft:stone_axe":3,"minecraft:stick":52,"minecraft:stone_pickaxe":4,"minecraft:wooden_axe":1,"minecraft:torch":88},"minecraft:broken":{"minecraft:stone_pickaxe":1,"minecraft:stone_axe":1},"minecraft:used":{"minecraft:cooked_mutton":3,"minecraft:diorite":1,"minecraft:amethyst_block":13,"cardiac:life_bottle":4,"minecraft:stone_pickaxe":376,"minecraft:wooden_pickaxe":35,"minecraft:rotten_flesh":1,"minecraft:torch":31,"minecraft:dirt":9,"minecraft:mutton":1,"minecraft:crafting_table":8,"minecraft:campfire":2,"minecraft:granite":8,"minecraft:wooden_axe":29,"evilcraft:flesh_humanoid":1,"minecraft:stone_axe":123,"minecraft:golden_carrot":1,"minecraft:cobblestone":26,"minecraft:porkchop":2,"minecraft:kelp":17,"minecraft:cooked_beef":2},"minecraft:mined":{"mores:cobalt_ore":19,"minecraft:mossy_cobblestone":1,"minecraft:kelp_plant":13,"minecraft:medium_amethyst_bud":2,"minecraft:amethyst_cluster":2,"minecraft:crafting_table":6,"minecraft:torch":2,"minecraft:cobbled_deepslate_slab":7,"minecraft:granite":8,"minecraft:budding_amethyst":7,"minecraft:grass_block":15,"minecraft:calcite":17,"minecraft:coal_block":3,"minecraft:spruce_leaves":2,"minecraft:brown_mushroom_block":32,"minecraft:mushroom_stem":8,"minecraft:tall_grass":5,"mores:anthracite_ore":2,"minecraft:cobblestone":1,"minecraft:kelp":1,"minecraft:diorite":1,"mores:tin_ore":15,"minecraft:amethyst_block":63,"minecraft:spawner":1,"minecraft:large_fern":1,"minecraft:seagrass":1,"minecraft:mossy_cobblestone_slab":1,"minecraft:mossy_cobblestone_stairs":1,"minecraft:polished_basalt":1,"minecraft:iron_ore":38,"minecraft:cobbled_deepslate":1,"minecraft:black_bed":2,"evilcraft:dark_ore":2,"minecraft:grass":32,"minecraft:oak_log":43,"minecraft:coal_ore":37,"minecraft:polished_deepslate_slab":7,"minecraft:small_amethyst_bud":1,"minecraft:warped_button":1,"graveyard:leaning_skeleton":1,"minecraft:gravel":1,"minecraft:dirt":35,"mores:silver_ore":5,"minecraft:smooth_basalt":9,"minecraft:red_mushroom_block":22,"minecraft:stone":146,"minecraft:oak_leaves":6},"minecraft:killed":{"minecraft:cave_spider":1,"minecraft:pig":3,"minecraft:creeper":3,"minecraft:squid":1,"minecraft:sheep":3,"minecraft:skeleton":1,"minecraft:zombie":5,"minecraft:cow":2},"minecraft:custom":{"minecraft:interact_with_furnace":5,"minecraft:mob_kills":19,"minecraft:interact_with_crafting_table":14,"minecraft:open_barrel":21,"minecraft:interact_with_campfire":12,"minecraft:leave_game":8,"minecraft:time_since_death":28103,"minecraft:time_since_rest":28129,"minecraft:sprint_one_cm":235805,"minecraft:damage_taken":3722,"minecraft:walk_one_cm":459843,"minecraft:drop":18,"minecraft:damage_dealt":4271,"minecraft:swim_one_cm":54616,"minecraft:talked_to_villager":1,"minecraft:fly_one_cm":182407,"minecraft:open_chest":4,"minecraft:crouch_one_cm":12091,"minecraft:play_time":122333,"minecraft:deaths":9,"minecraft:sneak_time":3247,"minecraft:walk_under_water_one_cm":30157,"minecraft:jump":1316,"minecraft:walk_on_water_one_cm":23151,"minecraft:total_world_time":122333,"minecraft:fall_one_cm":25709}},"DataVersion":3465}