{"stats":{"minecraft:picked_up":{"minecraft:wooden_axe":3,"minecraft:crafting_table":12,"minecraft:cooked_beef":5,"minecraft:andesite":15,"minecraft:wooden_pickaxe":4,"minecraft:enchanted_book":1,"artifacts:superstitious_hat":1,"minecraft:oak_log":34,"evilcraft:flesh_humanoid":3,"minecraft:amethyst_block":101,"mores:steel_ingot":2,"minecraft:string":2,"minecraft:dirt":80,"minecraft:cooked_mutton":1,"minecraft:bone":4,"minecraft:kelp":37,"minecraft:activator_rail":6,"minecraft:wheat_seeds":6,"celestisynth:lunar_stone":3,"minecraft:stone_pickaxe":5,"minecraft:beef":18,"minecraft:iron_ingot":18,"minecraft:calcite":34,"spore:mutated_fiber":25,"minecraft:oak_planks":32,"minecraft:egg":4,"minecraft:stick":9,"minecraft:raw_iron":129,"minecraft:smooth_basalt":18,"minecraft:torch":157,"minecraft:porkchop":2,"minecraft:amethyst_shard":8,"mores:raw_cobalt":19,"minecraft:ink_sac":2,"minecraft:diorite":3,"minecraft:spider_eye":2,"mores:tin_ingot":3,"mores:raw_tin":94,"minecraft:arrow":2,"minecraft:rotten_flesh":1,"minecraft:stone_axe":4,"evilcraft:broom":1,"evilcraft:dark_gem":20,"mores:anthracite":4,"minecraft:granite":8,"mores:amethyst_chestplate":1,"minecraft:oak_sapling":18,"mores:raw_silver":10,"minecraft:black_wool":2,"minecraft:mutton":4,"minecraft:coal":216,"minecraft:rail":10,"minecraft:white_wool":2,"minecraft:cobblestone":339},"minecraft:dropped":{"minecraft:iron_ingot":9,"minecraft:cooked_beef":3,"minecraft:oak_planks":4,"minecraft:activator_rail":3,"minecraft:rail":5,"minecraft:stick":6,"evilcraft:broom":1,"minecraft:stone_pickaxe":1},"minecraft:crafted":{"mores:amethyst_chestplate":1,"minecraft:oak_planks":68,"minecraft:crafting_table":3,"minecraft:wooden_pickaxe":1,"minecraft:campfire":1,"minecraft:stone_axe":2,"minecraft:stick":44,"minecraft:wooden_axe":1,"minecraft:stone_pickaxe":4,"minecraft:torch":88},"minecraft:broken":{"minecraft:stone_pickaxe":1},"minecraft:used":{"minecraft:cooked_mutton":1,"minecraft:diorite":1,"minecraft:amethyst_block":13,"cardiac:life_bottle":4,"minecraft:stone_pickaxe":344,"minecraft:wooden_pickaxe":35,"minecraft:rotten_flesh":1,"minecraft:torch":30,"minecraft:dirt":6,"minecraft:mutton":1,"minecraft:crafting_table":7,"minecraft:campfire":1,"minecraft:granite":8,"minecraft:wooden_axe":29,"evilcraft:flesh_humanoid":1,"minecraft:stone_axe":46,"minecraft:cobblestone":22,"minecraft:cooked_beef":2},"minecraft:mined":{"mores:cobalt_ore":19,"minecraft:kelp_plant":13,"minecraft:medium_amethyst_bud":2,"minecraft:amethyst_cluster":2,"minecraft:crafting_table":6,"minecraft:torch":2,"minecraft:granite":8,"minecraft:budding_amethyst":7,"minecraft:calcite":17,"minecraft:grass_block":12,"mores:anthracite_ore":2,"minecraft:tall_grass":5,"minecraft:cobblestone":1,"minecraft:kelp":1,"minecraft:diorite":1,"mores:tin_ore":15,"minecraft:amethyst_block":63,"minecraft:seagrass":1,"minecraft:iron_ore":38,"evilcraft:dark_ore":2,"minecraft:grass":29,"minecraft:oak_log":37,"minecraft:coal_ore":37,"minecraft:small_amethyst_bud":1,"minecraft:gravel":1,"minecraft:dirt":32,"mores:silver_ore":5,"minecraft:smooth_basalt":9,"minecraft:stone":144,"minecraft:oak_leaves":4},"minecraft:killed":{"minecraft:cave_spider":1,"minecraft:pig":1,"minecraft:squid":1,"minecraft:skeleton":1,"minecraft:sheep":1,"minecraft:zombie":2,"minecraft:cow":2},"minecraft:custom":{"minecraft:interact_with_furnace":4,"minecraft:mob_kills":9,"minecraft:interact_with_crafting_table":11,"minecraft:interact_with_campfire":8,"minecraft:leave_game":8,"minecraft:time_since_death":4378,"minecraft:time_since_rest":4404,"minecraft:sprint_one_cm":186158,"minecraft:damage_taken":3575,"minecraft:walk_one_cm":366135,"minecraft:drop":15,"minecraft:damage_dealt":2609,"minecraft:swim_one_cm":47087,"minecraft:talked_to_villager":1,"minecraft:fly_one_cm":164965,"minecraft:crouch_one_cm":10640,"minecraft:play_time":98608,"minecraft:deaths":9,"minecraft:sneak_time":2829,"minecraft:walk_under_water_one_cm":29446,"minecraft:jump":1153,"minecraft:walk_on_water_one_cm":21132,"minecraft:total_world_time":98608,"minecraft:fall_one_cm":21543}},"DataVersion":3465}