{"stats":{"minecraft:picked_up":{"minecraft:wooden_axe":3,"minecraft:crafting_table":9,"minecraft:cooked_beef":5,"minecraft:andesite":15,"minecraft:wooden_pickaxe":4,"minecraft:oak_log":34,"evilcraft:flesh_humanoid":2,"minecraft:amethyst_block":57,"minecraft:string":1,"minecraft:dirt":77,"minecraft:cooked_mutton":1,"minecraft:bone":2,"minecraft:activator_rail":3,"minecraft:wheat_seeds":6,"minecraft:stone_pickaxe":4,"minecraft:beef":18,"minecraft:iron_ingot":18,"minecraft:calcite":17,"spore:mutated_fiber":25,"minecraft:oak_planks":12,"minecraft:egg":2,"minecraft:stick":6,"minecraft:raw_iron":107,"minecraft:smooth_basalt":9,"minecraft:torch":143,"minecraft:porkchop":2,"minecraft:amethyst_shard":8,"mores:raw_cobalt":19,"minecraft:diorite":2,"minecraft:spider_eye":1,"mores:raw_tin":47,"minecraft:arrow":1,"minecraft:rotten_flesh":1,"minecraft:stone_axe":3,"evilcraft:broom":1,"evilcraft:dark_gem":10,"mores:anthracite":2,"minecraft:granite":8,"minecraft:oak_sapling":16,"mores:raw_silver":5,"minecraft:black_wool":1,"minecraft:mutton":4,"minecraft:coal":195,"minecraft:rail":5,"minecraft:white_wool":2,"minecraft:cobblestone":306},"minecraft:dropped":{"minecraft:iron_ingot":9,"minecraft:cooked_beef":3,"minecraft:oak_planks":4,"minecraft:stick":6,"evilcraft:broom":1,"minecraft:stone_pickaxe":1},"minecraft:crafted":{"mores:amethyst_chestplate":1,"minecraft:oak_planks":68,"minecraft:crafting_table":3,"minecraft:wooden_pickaxe":1,"minecraft:campfire":1,"minecraft:stone_axe":2,"minecraft:stick":44,"minecraft:wooden_axe":1,"minecraft:stone_pickaxe":4,"minecraft:torch":88},"minecraft:broken":{"minecraft:stone_pickaxe":1},"minecraft:used":{"minecraft:cooked_mutton":1,"minecraft:diorite":1,"minecraft:amethyst_block":9,"cardiac:life_bottle":4,"minecraft:stone_pickaxe":340,"minecraft:wooden_pickaxe":35,"minecraft:rotten_flesh":1,"minecraft:torch":30,"minecraft:dirt":6,"minecraft:mutton":1,"minecraft:crafting_table":7,"minecraft:campfire":1,"minecraft:granite":8,"minecraft:wooden_axe":29,"evilcraft:flesh_humanoid":1,"minecraft:stone_axe":40,"minecraft:cobblestone":22,"minecraft:cooked_beef":2},"minecraft:mined":{"mores:cobalt_ore":19,"minecraft:medium_amethyst_bud":2,"minecraft:amethyst_cluster":2,"minecraft:crafting_table":5,"minecraft:torch":2,"minecraft:granite":8,"minecraft:budding_amethyst":7,"minecraft:calcite":17,"minecraft:grass_block":12,"mores:anthracite_ore":2,"minecraft:tall_grass":5,"minecraft:cobblestone":1,"minecraft:diorite":1,"mores:tin_ore":15,"minecraft:amethyst_block":63,"minecraft:iron_ore":36,"evilcraft:dark_ore":2,"minecraft:grass":29,"minecraft:oak_log":37,"minecraft:coal_ore":37,"minecraft:small_amethyst_bud":1,"minecraft:gravel":1,"minecraft:dirt":32,"mores:silver_ore":5,"minecraft:smooth_basalt":9,"minecraft:stone":142,"minecraft:oak_leaves":4},"minecraft:killed":{"minecraft:cave_spider":1,"minecraft:pig":1,"minecraft:skeleton":1,"minecraft:sheep":1,"minecraft:zombie":2,"minecraft:cow":2},"minecraft:custom":{"minecraft:interact_with_furnace":2,"minecraft:mob_kills":8,"minecraft:interact_with_crafting_table":11,"minecraft:interact_with_campfire":8,"minecraft:leave_game":7,"minecraft:time_since_death":33291,"minecraft:time_since_rest":33321,"minecraft:sprint_one_cm":161527,"minecraft:damage_taken":3305,"minecraft:walk_one_cm":354724,"minecraft:drop":13,"minecraft:damage_dealt":2401,"minecraft:talked_to_villager":1,"minecraft:fly_one_cm":137846,"minecraft:crouch_one_cm":10062,"minecraft:play_time":89269,"minecraft:deaths":8,"minecraft:sneak_time":2421,"minecraft:walk_under_water_one_cm":897,"minecraft:jump":1018,"minecraft:walk_on_water_one_cm":10739,"minecraft:total_world_time":89269,"minecraft:fall_one_cm":19451}},"DataVersion":3465}