{"stats":{"minecraft:broken":{"minecraft:stone_pickaxe":6},"minecraft:custom":{"minecraft:mob_kills":94,"minecraft:interact_with_crafting_table":22,"minecraft:open_barrel":3,"minecraft:damage_dealt_resisted":124,"minecraft:leave_game":6,"minecraft:time_since_death":5071,"minecraft:climb_one_cm":1231,"minecraft:sprint_one_cm":273723,"minecraft:walk_one_cm":801057,"minecraft:damage_blocked_by_shield":455,"minecraft:drop":29,"minecraft:damage_dealt_absorbed":121,"minecraft:play_time":379309,"minecraft:sneak_time":19195,"minecraft:deaths":5,"minecraft:walk_under_water_one_cm":20835,"minecraft:jump":1908,"minecraft:walk_on_water_one_cm":20657,"minecraft:total_world_time":379309,"minecraft:interact_with_furnace":12,"minecraft:sleep_in_bed":11,"minecraft:time_since_rest":2539,"minecraft:damage_taken":1575,"minecraft:damage_absorbed":32,"minecraft:trigger_trapped_chest":1,"minecraft:damage_dealt":13607,"minecraft:swim_one_cm":4654,"minecraft:fly_one_cm":2569553,"minecraft:player_kills":2,"minecraft:open_chest":61,"minecraft:crouch_one_cm":31459,"minecraft:interact_with_smoker":1,"minecraft:fall_one_cm":6995},"minecraft:used":{"minecraft:oak_fence":80,"spore:cdu":112,"minecraft:moss_block":1,"mores:silver_battleaxe":67,"minecraft:flint_and_steel":42,"celestisynth:poltergeist":7,"minecraft:chest":15,"minecraft:spruce_planks":51,"minecraft:iron_sword":161,"travelersbackpack:black_sleeping_bag":2,"celestisynth:aquaflora":2,"minecraft:dried_kelp_block":8,"minecraft:oak_door":1,"minecraft:torch":425,"minecraft:dirt":176,"artifacts:umbrella":16,"minecraft:jungle_planks":19,"minecraft:cobblestone_wall":77,"artifacts:mimic_spawn_egg":1,"minecraft:milk_bucket":1,"minecraft:light_blue_bed":3,"mores:amethyst_pickaxe":41,"securitycraft:sentry":7,"minecraft:furnace":3,"minecraft:acacia_fence":15,"minecraft:cobbled_deepslate":37,"minecraft:acacia_planks":17,"minecraft:water_bucket":1,"cardiac:life_bottle":6,"celestisynth:breezebreaker":3,"minecraft:birch_planks":179,"minecraft:stone_pickaxe":832,"minecraft:oak_planks":334,"minecraft:wooden_pickaxe":6,"elevatorid:elevator_white":31,"minecraft:sand":20,"minecraft:white_bed":2,"minecraft:oak_slab":56,"minecraft:tnt":103,"minecraft:crafting_table":2,"l2weaponry:dogmatic_standoff":34,"mores:graphene_battleaxe":2,"minecraft:campfire":2,"celestisynth:solaris":79,"minecraft:black_bed":2,"minecraft:gray_terracotta":1,"minecraft:bread":10,"minecraft:deepslate":276,"minecraft:gravel":3,"minecraft:acacia_fence_gate":1,"minecraft:stone_axe":41,"mores:cobalt_apple":1,"minecraft:cobblestone":942,"minecraft:cooked_porkchop":2,"minecraft:green_concrete_powder":3,"celestisynth:frostbound":48,"minecraft:birch_stairs":6},"minecraft:killed":{"deadland:rider":1,"graveyard:skeleton_creeper":1,"spore:braiomil":1,"minecraft:spider":1,"spore:leaper":2,"spore:inquisitor":1,"minecraft:skeleton":1,"spore:jagd":3,"spore:usurper":2,"spore:delusioner":1,"spore:braurei":2,"spore:gastgaber":1,"minecraft:wolf":1,"spore:vigil":1,"graveyard:ghoul":1,"spore:inf_player":5,"spore:inf_wanderer":2,"minecraft:salmon":5,"spore:inf_evoker":1,"spore:volatile":1,"spore:scamper":2,"spore:inf_drowned":2,"spore:umarmed":1,"spore:inf_pillager":6,"spore:brot":1,"spore:inf_villager":13,"spore:mound":1,"minecraft:zombie":4,"deadland:obeser":1,"spore:inf_human":9,"spore:howler":1,"spore:claw":2,"spore:busser":2,"spore:inf_husk":4,"spore:slasher":1},"minecraft:crafted":{"minecraft:furnace":4,"minecraft:acacia_fence_gate":1,"minecraft:stone_pickaxe":7,"minecraft:chest":6,"minecraft:acacia_fence":18,"minecraft:wheat":45,"minecraft:crafting_table":2,"minecraft:wooden_pickaxe":1,"travelersbackpack:black_sleeping_bag":1,"minecraft:stone_axe":1,"minecraft:bread":16,"minecraft:jungle_planks":28,"minecraft:stick":56,"minecraft:iron_ingot":22,"minecraft:acacia_planks":120,"minecraft:torch":20},"minecraft:picked_up":{"spore:mutated_heart":9,"minecraft:wheat":39,"minecraft:black_carpet":1,"minecraft:splash_potion":1,"minecraft:flower_pot":1,"graveyard:dark_iron_ingot":5,"artifacts:umbrella":4,"minecraft:wooden_pickaxe":1,"mores:tin_helmet":1,"minecraft:shield":1,"artifacts:mimic_spawn_egg":1,"spore:innards":4,"minecraft:string":2,"minecraft:raw_copper":114,"minecraft:iron_leggings":1,"minecraft:oak_sign":2,"graveyard:corruption":1,"minecraft:cobbled_deepslate":31,"spore:ice_canister":119,"minecraft:spruce_planks":1,"minecraft:beef":5,"travelersbackpack:black_sleeping_bag":5,"minecraft:quartz_stairs":3,"minecraft:chest":3,"minecraft:birch_sapling":1,"minecraft:furnace":3,"minecraft:egg":2,"spore:tumor":20,"minecraft:stick":16,"minecraft:raw_iron":56,"minecraft:acacia_fence":9,"spore:wing_membrane":1,"minecraft:torch":50,"minecraft:acacia_log":7,"travelersbackpack:iron_tier_upgrade":1,"minecraft:snow_block":1,"mores:amethyst_battleaxe":1,"minecraft:stone_button":4,"spore:biomass":4,"mores:topaz_gem":3,"minecraft:diorite":48,"minecraft:redstone":94,"minecraft:light_blue_bed":2,"cardiac:life_bottle":32,"mores:tin_boots":1,"mores:tourmaline_chestplate":1,"mores:raw_tin":172,"minecraft:tnt":1,"minecraft:quartz_block":2,"minecraft:cactus":2,"minecraft:arrow":12,"minecraft:stone_shovel":1,"minecraft:rotten_flesh":15,"minecraft:hay_block":5,"minecraft:sandstone_stairs":3,"minecraft:iron_block":3,"mores:tourmaline_leggings":1,"mores:amethyst_pickaxe":1,"l2weaponry:spear_of_winter_storm":1,"minecraft:gold_ingot":5,"evilcraft:condensed_blood":37,"spore:alveolic_sack":12,"spore:tendons":8,"minecraft:skeleton_skull":1,"minecraft:snowball":16,"minecraft:white_wool":1,"minecraft:cobblestone":860,"spore:cdu":24,"minecraft:birch_log":19,"spore:altered_spleen":1,"minecraft:leather_chestplate":1,"minecraft:andesite":7,"minecraft:jungle_log":2,"minecraft:leather":10,"minecraft:black_bed":1,"minecraft:cut_sandstone":1,"minecraft:green_concrete_powder":3,"minecraft:jungle_wood":5,"minecraft:chiseled_quartz_block":3,"minecraft:potato":23,"mores:tin_leggings":1,"minecraft:oak_log":19,"evilcraft:flesh_humanoid":5,"minecraft:cobblestone_wall":4,"minecraft:gunpowder":8,"minecraft:blue_bed":1,"minecraft:dirt":197,"minecraft:cut_sandstone_slab":1,"securitycraft:sentry":5,"mores:tourmaline_boots":1,"minecraft:bone":26,"minecraft:acacia_planks":69,"minecraft:apple":1,"minecraft:gray_carpet":2,"minecraft:bow":1,"minecraft:gray_terracotta":1,"minecraft:wheat_seeds":10,"minecraft:rabbit_hide":1,"minecraft:iron_ingot":49,"minecraft:stone_pickaxe":6,"minecraft:cobweb":4,"spore:mutated_fiber":292,"spore:spine":2,"minecraft:rabbit":2,"minecraft:moss_block":1,"minecraft:iron_sword":1,"minecraft:oak_planks":233,"minecraft:acacia_sapling":6,"elevatorid:elevator_white":3,"spore:cerebrum":5,"minecraft:cooked_porkchop":6,"artifacts:rooted_boots":4,"spore:armor_fragment":84,"minecraft:gravel":54,"minecraft:sand":22,"mores:steel_battleaxe":1,"minecraft:amethyst_shard":4,"minecraft:spruce_sapling":1,"mores:raw_cobalt":6,"minecraft:grass_block":1,"mores:tin_ingot":2,"mores:tin_chestplate":1,"spore:claw_fragment":121,"minecraft:pumpkin_seeds":4,"minecraft:dried_kelp_block":8,"minecraft:diamond":2,"minecraft:stone_axe":6,"evilcraft:broom":3,"evilcraft:dark_gem":34,"minecraft:granite":58,"minecraft:bone_meal":14,"minecraft:bread":13,"spore:spine_fragment":11,"mores:raw_silver":5,"minecraft:oak_sapling":6,"minecraft:light_gray_carpet":1,"minecraft:black_wool":3,"minecraft:coal":95,"minecraft:ender_pearl":5},"minecraft:dropped":{"minecraft:wheat_seeds":1,"minecraft:cooked_porkchop":15,"minecraft:cobblestone":64,"mores:tin_ingot":2,"mores:tin_helmet":1,"minecraft:cactus":2,"minecraft:spruce_sapling":1,"minecraft:raw_copper":38,"mores:tin_boots":1,"minecraft:oak_sign":1,"mores:tin_chestplate":1,"mores:amethyst_pickaxe":1,"minecraft:stone_pickaxe":1,"mores:tin_leggings":1},"minecraft:mined":{"minecraft:quartz_stairs":4,"minecraft:granite":29,"minecraft:acacia_log":7,"minecraft:grass_block":13,"minecraft:jungle_log":2,"minecraft:spruce_leaves":6,"minecraft:moss_block":1,"minecraft:large_fern":1,"minecraft:potted_fern":1,"minecraft:hay_block":5,"minecraft:furnace":1,"minecraft:iron_ore":32,"minecraft:andesite":7,"evilcraft:dark_ore":1,"minecraft:black_carpet":1,"minecraft:vine":1,"minecraft:deepslate_iron_ore":4,"travelersbackpack:black_sleeping_bag":2,"minecraft:stone":606,"minecraft:white_wool":1,"minecraft:deepslate_redstone_ore":3,"minecraft:gray_terracotta":1,"minecraft:light_gray_carpet":1,"minecraft:acacia_leaves":8,"mores:cobalt_ore":4,"minecraft:glass_pane":2,"minecraft:quartz_block":4,"minecraft:chiseled_quartz_block":4,"minecraft:torch":13,"minecraft:green_concrete_powder":4,"minecraft:chest":1,"minecraft:copper_ore":10,"minecraft:cobblestone":3,"minecraft:dried_kelp_block":8,"minecraft:oak_planks":1,"minecraft:wall_torch":7,"minecraft:diorite":31,"mores:tin_ore":14,"minecraft:jungle_wood":5,"minecraft:light_blue_bed":2,"minecraft:cobblestone_wall":1,"minecraft:wheat":3,"mores:deepslate_tin_ore":5,"minecraft:black_wool":3,"minecraft:grass":4,"minecraft:coal_ore":77,"minecraft:gravel":12,"minecraft:sand":26,"minecraft:dirt":11,"mores:silver_ore":5,"minecraft:gray_carpet":2,"spore:remains":1,"minecraft:deepslate":16,"minecraft:fern":1}},"DataVersion":3465}