{"stats":{"minecraft:picked_up":{"minecraft:wooden_axe":3,"minecraft:crafting_table":8,"minecraft:cooked_beef":5,"minecraft:andesite":15,"minecraft:wooden_pickaxe":4,"minecraft:oak_log":34,"evilcraft:flesh_humanoid":2,"minecraft:amethyst_block":12,"minecraft:string":1,"minecraft:dirt":77,"minecraft:cooked_mutton":1,"minecraft:bone":2,"minecraft:wheat_seeds":6,"minecraft:stone_pickaxe":4,"minecraft:beef":18,"minecraft:iron_ingot":18,"minecraft:calcite":8,"spore:mutated_fiber":25,"minecraft:oak_planks":12,"minecraft:egg":2,"minecraft:stick":6,"minecraft:raw_iron":107,"minecraft:smooth_basalt":2,"minecraft:torch":143,"minecraft:porkchop":2,"minecraft:amethyst_shard":8,"mores:raw_cobalt":9,"minecraft:diorite":2,"minecraft:spider_eye":1,"mores:raw_tin":31,"minecraft:arrow":1,"minecraft:rotten_flesh":1,"minecraft:stone_axe":3,"evilcraft:broom":1,"evilcraft:dark_gem":10,"mores:anthracite":2,"minecraft:granite":8,"minecraft:oak_sapling":16,"mores:raw_silver":4,"minecraft:black_wool":1,"minecraft:mutton":4,"minecraft:coal":182,"minecraft:rail":5,"minecraft:white_wool":2,"minecraft:cobblestone":300},"minecraft:dropped":{"minecraft:iron_ingot":9,"minecraft:cooked_beef":3,"minecraft:oak_planks":4,"minecraft:stick":6,"evilcraft:broom":1,"minecraft:stone_pickaxe":1},"minecraft:crafted":{"minecraft:oak_planks":68,"minecraft:crafting_table":3,"minecraft:wooden_pickaxe":1,"minecraft:campfire":1,"minecraft:stone_axe":2,"minecraft:stick":44,"minecraft:wooden_axe":1,"minecraft:stone_pickaxe":3,"minecraft:torch":88},"minecraft:used":{"minecraft:cooked_mutton":1,"minecraft:diorite":1,"cardiac:life_bottle":4,"minecraft:stone_pickaxe":228,"minecraft:wooden_pickaxe":35,"minecraft:rotten_flesh":1,"minecraft:torch":29,"minecraft:dirt":6,"minecraft:mutton":1,"minecraft:crafting_table":6,"minecraft:campfire":1,"minecraft:granite":8,"minecraft:wooden_axe":29,"evilcraft:flesh_humanoid":1,"minecraft:stone_axe":38,"minecraft:cobblestone":22,"minecraft:cooked_beef":2},"minecraft:mined":{"mores:cobalt_ore":9,"minecraft:amethyst_cluster":2,"minecraft:crafting_table":4,"minecraft:torch":2,"minecraft:granite":8,"minecraft:budding_amethyst":1,"minecraft:calcite":8,"minecraft:grass_block":12,"mores:anthracite_ore":2,"minecraft:tall_grass":5,"minecraft:cobblestone":1,"minecraft:diorite":1,"mores:tin_ore":11,"minecraft:amethyst_block":10,"minecraft:iron_ore":36,"evilcraft:dark_ore":2,"minecraft:grass":29,"minecraft:oak_log":37,"minecraft:coal_ore":24,"minecraft:gravel":1,"minecraft:dirt":32,"mores:silver_ore":4,"minecraft:smooth_basalt":2,"minecraft:stone":136,"minecraft:oak_leaves":4},"minecraft:killed":{"minecraft:cave_spider":1,"minecraft:pig":1,"minecraft:skeleton":1,"minecraft:sheep":1,"minecraft:zombie":2,"minecraft:cow":2},"minecraft:custom":{"minecraft:interact_with_furnace":2,"minecraft:mob_kills":8,"minecraft:interact_with_crafting_table":7,"minecraft:interact_with_campfire":8,"minecraft:leave_game":7,"minecraft:time_since_death":21291,"minecraft:time_since_rest":21321,"minecraft:sprint_one_cm":152751,"minecraft:damage_taken":3245,"minecraft:walk_one_cm":318623,"minecraft:drop":13,"minecraft:damage_dealt":2312,"minecraft:talked_to_villager":1,"minecraft:fly_one_cm":137046,"minecraft:crouch_one_cm":6758,"minecraft:play_time":77269,"minecraft:deaths":8,"minecraft:sneak_time":1615,"minecraft:walk_under_water_one_cm":668,"minecraft:jump":921,"minecraft:walk_on_water_one_cm":7555,"minecraft:total_world_time":77269,"minecraft:fall_one_cm":17733}},"DataVersion":3465}