{"stats":{"minecraft:picked_up":{"minecraft:wooden_axe":3,"minecraft:crafting_table":6,"minecraft:stick":2,"minecraft:raw_iron":72,"minecraft:cooked_beef":5,"minecraft:andesite":15,"minecraft:torch":142,"minecraft:wooden_pickaxe":4,"minecraft:porkchop":2,"minecraft:oak_log":13,"evilcraft:flesh_humanoid":2,"minecraft:diorite":1,"minecraft:dirt":71,"minecraft:cooked_mutton":1,"minecraft:rotten_flesh":1,"minecraft:stone_axe":2,"minecraft:wheat_seeds":6,"minecraft:iron_ingot":18,"minecraft:beef":18,"minecraft:granite":8,"minecraft:stone_pickaxe":4,"spore:mutated_fiber":20,"minecraft:oak_sapling":12,"minecraft:mutton":3,"minecraft:oak_planks":12,"minecraft:coal":178,"minecraft:white_wool":2,"minecraft:cobblestone":264},"minecraft:dropped":{"minecraft:iron_ingot":9,"minecraft:cooked_beef":3,"minecraft:oak_planks":4,"minecraft:stone_pickaxe":1,"minecraft:stick":6},"minecraft:crafted":{"minecraft:oak_planks":40,"minecraft:crafting_table":2,"minecraft:stick":36,"minecraft:wooden_pickaxe":1,"minecraft:stone_pickaxe":2,"minecraft:wooden_axe":1,"minecraft:torch":76,"minecraft:campfire":1,"minecraft:stone_axe":1},"minecraft:used":{"minecraft:cooked_mutton":1,"minecraft:wooden_axe":29,"minecraft:diorite":1,"minecraft:stone_pickaxe":136,"minecraft:wooden_pickaxe":35,"evilcraft:flesh_humanoid":1,"minecraft:torch":17,"minecraft:rotten_flesh":1,"minecraft:stone_axe":18,"minecraft:dirt":6,"minecraft:cobblestone":18,"minecraft:crafting_table":4,"minecraft:campfire":1,"minecraft:cooked_beef":2,"minecraft:granite":8},"minecraft:mined":{"minecraft:iron_ore":18,"minecraft:crafting_table":2,"minecraft:torch":2,"minecraft:granite":8,"minecraft:grass":28,"minecraft:coal_ore":20,"minecraft:grass_block":10,"minecraft:oak_log":16,"minecraft:gravel":1,"minecraft:dirt":30,"minecraft:tall_grass":5,"minecraft:cobblestone":1,"minecraft:stone":119,"minecraft:oak_leaves":1},"minecraft:killed":{"minecraft:sheep":1,"minecraft:zombie":2,"minecraft:pig":1,"minecraft:cow":2},"minecraft:custom":{"minecraft:time_since_rest":1095,"minecraft:interact_with_furnace":1,"minecraft:sprint_one_cm":101017,"minecraft:damage_taken":2605,"minecraft:walk_one_cm":214520,"minecraft:mob_kills":6,"minecraft:drop":12,"minecraft:damage_dealt":1807,"minecraft:interact_with_crafting_table":6,"minecraft:fly_one_cm":109563,"minecraft:talked_to_villager":1,"minecraft:play_time":53881,"minecraft:crouch_one_cm":4404,"minecraft:interact_with_campfire":8,"minecraft:deaths":6,"minecraft:sneak_time":1052,"minecraft:jump":716,"minecraft:leave_game":6,"minecraft:time_since_death":1069,"minecraft:total_world_time":53881,"minecraft:fall_one_cm":13453}},"DataVersion":3465}