{"stats":{"minecraft:custom":{"minecraft:mob_kills":90,"minecraft:interact_with_crafting_table":16,"minecraft:open_barrel":3,"minecraft:damage_dealt_resisted":114,"minecraft:leave_game":2,"minecraft:time_since_death":103056,"minecraft:climb_one_cm":214,"minecraft:sprint_one_cm":210529,"minecraft:walk_one_cm":505530,"minecraft:damage_blocked_by_shield":455,"minecraft:drop":3,"minecraft:damage_dealt_absorbed":121,"minecraft:play_time":154164,"minecraft:deaths":3,"minecraft:sneak_time":3260,"minecraft:walk_under_water_one_cm":14159,"minecraft:jump":1078,"minecraft:walk_on_water_one_cm":7619,"minecraft:total_world_time":154164,"minecraft:interact_with_furnace":3,"minecraft:sleep_in_bed":5,"minecraft:time_since_rest":100130,"minecraft:damage_taken":1408,"minecraft:damage_absorbed":32,"minecraft:damage_dealt":11068,"minecraft:swim_one_cm":4124,"minecraft:fly_one_cm":958678,"minecraft:player_kills":2,"minecraft:open_chest":46,"minecraft:crouch_one_cm":1777,"minecraft:interact_with_smoker":1,"minecraft:fall_one_cm":6995},"minecraft:used":{"spore:cdu":8,"minecraft:oak_fence":80,"minecraft:moss_block":1,"minecraft:flint_and_steel":42,"minecraft:spruce_planks":51,"minecraft:chest":7,"minecraft:iron_sword":161,"travelersbackpack:black_sleeping_bag":2,"minecraft:dried_kelp_block":8,"minecraft:oak_door":1,"minecraft:torch":121,"minecraft:dirt":36,"artifacts:umbrella":16,"minecraft:jungle_planks":19,"minecraft:cobblestone_wall":77,"minecraft:light_blue_bed":2,"securitycraft:sentry":7,"minecraft:furnace":1,"minecraft:acacia_fence":15,"minecraft:cobbled_deepslate":36,"minecraft:acacia_planks":17,"cardiac:life_bottle":6,"minecraft:birch_planks":179,"minecraft:stone_pickaxe":37,"minecraft:oak_planks":334,"minecraft:wooden_pickaxe":6,"elevatorid:elevator_white":10,"minecraft:sand":20,"minecraft:tnt":103,"minecraft:oak_slab":56,"l2weaponry:dogmatic_standoff":34,"mores:graphene_battleaxe":2,"celestisynth:solaris":77,"minecraft:gray_terracotta":1,"minecraft:bread":10,"minecraft:acacia_fence_gate":1,"minecraft:stone_axe":41,"mores:cobalt_apple":1,"minecraft:cobblestone":412,"minecraft:green_concrete_powder":3,"minecraft:birch_stairs":6},"minecraft:killed":{"deadland:rider":1,"spore:braiomil":1,"minecraft:spider":1,"spore:leaper":2,"spore:inquisitor":1,"spore:jagd":3,"spore:usurper":2,"spore:delusioner":1,"spore:braurei":2,"spore:gastgaber":1,"spore:vigil":1,"graveyard:ghoul":1,"spore:inf_player":5,"spore:inf_wanderer":2,"minecraft:salmon":5,"spore:inf_evoker":1,"spore:volatile":1,"spore:scamper":2,"spore:inf_drowned":2,"spore:umarmed":1,"spore:inf_pillager":6,"spore:brot":1,"spore:inf_villager":13,"spore:mound":1,"spore:inf_human":9,"minecraft:zombie":4,"spore:howler":1,"spore:claw":2,"spore:busser":2,"spore:inf_husk":4,"spore:slasher":1},"minecraft:crafted":{"minecraft:furnace":1,"minecraft:acacia_fence_gate":1,"minecraft:stone_pickaxe":1,"minecraft:chest":6,"minecraft:acacia_fence":18,"minecraft:wheat":45,"minecraft:wooden_pickaxe":1,"travelersbackpack:black_sleeping_bag":1,"minecraft:stone_axe":1,"minecraft:bread":16,"minecraft:jungle_planks":28,"minecraft:stick":24,"minecraft:acacia_planks":120,"minecraft:torch":20},"minecraft:picked_up":{"spore:mutated_heart":9,"minecraft:black_carpet":1,"minecraft:wheat":39,"minecraft:flower_pot":1,"artifacts:umbrella":3,"minecraft:wooden_pickaxe":1,"minecraft:string":2,"spore:innards":2,"minecraft:oak_sign":2,"graveyard:corruption":1,"travelersbackpack:black_sleeping_bag":4,"minecraft:quartz_stairs":3,"minecraft:chest":1,"minecraft:egg":1,"spore:tumor":3,"minecraft:stick":16,"minecraft:raw_iron":4,"minecraft:acacia_fence":9,"spore:wing_membrane":1,"minecraft:torch":20,"minecraft:acacia_log":7,"minecraft:stone_button":4,"minecraft:light_blue_bed":2,"cardiac:life_bottle":14,"mores:raw_tin":104,"minecraft:tnt":1,"minecraft:quartz_block":2,"minecraft:stone_shovel":1,"minecraft:rotten_flesh":13,"minecraft:arrow":1,"minecraft:cactus":2,"minecraft:hay_block":5,"minecraft:sandstone_stairs":3,"spore:alveolic_sack":6,"spore:tendons":8,"minecraft:cobblestone":19,"minecraft:white_wool":1,"spore:cdu":3,"minecraft:birch_log":19,"minecraft:leather_chestplate":1,"spore:altered_spleen":1,"minecraft:jungle_log":2,"minecraft:cut_sandstone":1,"minecraft:green_concrete_powder":3,"minecraft:jungle_wood":5,"minecraft:chiseled_quartz_block":3,"evilcraft:flesh_humanoid":3,"minecraft:cobblestone_wall":4,"minecraft:cut_sandstone_slab":1,"minecraft:dirt":74,"securitycraft:sentry":2,"minecraft:apple":1,"minecraft:bone":1,"minecraft:acacia_planks":69,"minecraft:gray_carpet":2,"minecraft:bow":1,"minecraft:gray_terracotta":1,"minecraft:wheat_seeds":7,"minecraft:rabbit_hide":1,"minecraft:iron_ingot":1,"minecraft:stone_pickaxe":3,"spore:mutated_fiber":121,"spore:spine":2,"minecraft:rabbit":2,"minecraft:moss_block":1,"minecraft:oak_planks":193,"minecraft:iron_sword":1,"minecraft:acacia_sapling":6,"spore:cerebrum":5,"artifacts:rooted_boots":3,"spore:armor_fragment":62,"minecraft:sand":22,"mores:steel_battleaxe":1,"spore:claw_fragment":104,"minecraft:pumpkin_seeds":1,"minecraft:dried_kelp_block":8,"minecraft:stone_axe":4,"evilcraft:broom":3,"minecraft:bread":13,"spore:spine_fragment":11,"minecraft:oak_sapling":6,"minecraft:light_gray_carpet":1,"minecraft:black_wool":3},"minecraft:dropped":{"minecraft:cactus":2,"minecraft:oak_sign":1},"minecraft:mined":{"minecraft:quartz_stairs":4,"minecraft:acacia_log":7,"minecraft:grass_block":13,"minecraft:jungle_log":2,"minecraft:moss_block":1,"minecraft:potted_fern":1,"minecraft:hay_block":5,"minecraft:iron_ore":4,"minecraft:black_carpet":1,"minecraft:vine":1,"travelersbackpack:black_sleeping_bag":2,"minecraft:stone":15,"minecraft:white_wool":1,"minecraft:gray_terracotta":1,"minecraft:light_gray_carpet":1,"minecraft:acacia_leaves":8,"minecraft:glass_pane":2,"minecraft:quartz_block":4,"minecraft:chiseled_quartz_block":4,"minecraft:torch":1,"minecraft:green_concrete_powder":4,"minecraft:chest":1,"minecraft:dried_kelp_block":8,"minecraft:oak_planks":1,"mores:tin_ore":8,"minecraft:wall_torch":1,"minecraft:jungle_wood":5,"minecraft:light_blue_bed":2,"minecraft:cobblestone_wall":1,"minecraft:wheat":3,"minecraft:grass":1,"minecraft:black_wool":3,"minecraft:sand":26,"minecraft:gray_carpet":2}},"DataVersion":3465}