{"stats":{"minecraft:broken":{"mores:tin_shovel":1},"minecraft:custom":{"minecraft:interact_with_furnace":11,"minecraft:mob_kills":9,"minecraft:interact_with_crafting_table":28,"minecraft:open_barrel":2,"minecraft:leave_game":2,"minecraft:time_since_death":7095,"minecraft:sleep_in_bed":4,"minecraft:climb_one_cm":1851,"minecraft:time_since_rest":7119,"minecraft:sprint_one_cm":186808,"minecraft:damage_taken":3911,"minecraft:walk_one_cm":191149,"minecraft:drop":4,"minecraft:damage_dealt":1813,"minecraft:swim_one_cm":5332,"minecraft:fly_one_cm":280253,"minecraft:open_chest":21,"minecraft:crouch_one_cm":30470,"minecraft:play_time":167990,"minecraft:deaths":4,"minecraft:sneak_time":7959,"minecraft:walk_under_water_one_cm":11445,"minecraft:jump":1491,"minecraft:walk_on_water_one_cm":21565,"minecraft:total_world_time":167990,"minecraft:fall_one_cm":67169,"minecraft:horse_one_cm":378958},"minecraft:killed_by":{"spore:busser":1},"minecraft:used":{"minecraft:water_bucket":3,"cardiac:life_bottle":6,"minecraft:stone_pickaxe":4,"minecraft:chest":5,"minecraft:wooden_pickaxe":8,"minecraft:cobblestone_slab":152,"minecraft:stone_hoe":45,"graveyard:oak_coffin":1,"minecraft:torch":6,"minecraft:dirt":124,"minecraft:crafting_table":4,"minecraft:white_bed":2,"mores:silver_apple":2,"minecraft:snowball":102,"minecraft:apple":1,"mores:tin_shovel":136,"minecraft:bread":9,"evilcraft:box_of_eternal_closure":11,"mores:amethyst_pickaxe":97,"minecraft:stone_axe":82,"minecraft:pink_petals":77,"minecraft:furnace":1,"minecraft:cooked_porkchop":7,"minecraft:bucket":3},"minecraft:killed":{"minecraft:spider":1,"minecraft:skeleton":3,"minecraft:zombie":1,"minecraft:cow":3},"minecraft:picked_up":{"minecraft:pink_petals":77,"minecraft:crafting_table":1,"minecraft:leather":7,"mores:tin_leggings":1,"mores:tin_helmet":1,"minecraft:dirt":127,"minecraft:raw_copper":76,"minecraft:iron_leggings":2,"minecraft:bone":6,"minecraft:wheat_seeds":1,"minecraft:beef":5,"minecraft:cobblestone_slab":2,"minecraft:cobweb":4,"artifacts:antidote_vessel":2,"minecraft:chest":1,"minecraft:furnace":1,"minecraft:book":36,"minecraft:stick":1,"minecraft:raw_iron":10,"minecraft:cooked_porkchop":13,"minecraft:torch":1,"minecraft:cherry_log":14,"minecraft:spruce_sapling":1,"minecraft:white_bed":5,"minecraft:spruce_log":3,"minecraft:redstone":13,"mores:tin_boots":1,"evilcraft:box_of_eternal_closure":11,"graveyard:oak_coffin":1,"mores:tin_ingot":2,"mores:tin_chestplate":1,"minecraft:dried_kelp_block":1,"minecraft:arrow":6,"minecraft:hay_block":28,"mores:amethyst_pickaxe":1,"minecraft:snowball":176,"minecraft:coal":50,"minecraft:skeleton_skull":1,"minecraft:bone_block":1,"minecraft:cobblestone":94},"minecraft:crafted":{"minecraft:cherry_planks":48,"minecraft:cobblestone_slab":150,"mores:tin_chestplate":1,"minecraft:crafting_table":3,"minecraft:spruce_planks":12,"minecraft:wooden_pickaxe":1,"mores:tin_helmet":1,"minecraft:furnace":1,"minecraft:bucket":1,"minecraft:stone_axe":2,"mores:tin_leggings":1,"minecraft:bread":84,"minecraft:air":0,"mores:tin_boots":1,"mores:tin_ingot":24,"minecraft:stick":20,"minecraft:iron_ingot":9,"minecraft:chest":4,"minecraft:stone_pickaxe":1,"minecraft:torch":16,"minecraft:stone_hoe":1,"mores:tin_shovel":2,"minecraft:wheat":252},"minecraft:dropped":{"minecraft:raw_copper":76,"minecraft:white_bed":1,"artifacts:antidote_vessel":1},"minecraft:mined":{"minecraft:dead_horn_coral_fan":1,"minecraft:white_bed":4,"minecraft:snow_block":3,"minecraft:cherry_log":14,"minecraft:powder_snow":15,"minecraft:crafting_table":1,"minecraft:torch":1,"minecraft:chiseled_bookshelf":8,"minecraft:grass_block":68,"minecraft:chest":1,"minecraft:tall_grass":2,"minecraft:dried_kelp_block":1,"minecraft:spruce_leaves":2,"minecraft:spawner":1,"minecraft:pink_petals":6,"minecraft:skeleton_skull":1,"minecraft:large_fern":1,"minecraft:hay_block":28,"minecraft:furnace":1,"minecraft:iron_ore":10,"evilcraft:box_of_eternal_closure":5,"minecraft:spruce_log":3,"minecraft:cobblestone_slab":2,"minecraft:grass":4,"minecraft:bookshelf":4,"minecraft:coal_ore":50,"minecraft:polished_deepslate_slab":1,"minecraft:cherry_leaves":1,"minecraft:dirt":65,"minecraft:stone":30,"minecraft:bone_block":1}},"DataVersion":3465}