{"stats":{"minecraft:custom":{"minecraft:interact_with_furnace":6,"minecraft:mob_kills":6,"minecraft:interact_with_crafting_table":18,"minecraft:open_barrel":2,"minecraft:leave_game":1,"minecraft:time_since_death":13892,"minecraft:climb_one_cm":222,"minecraft:time_since_rest":14754,"minecraft:sprint_one_cm":102653,"minecraft:damage_taken":2043,"minecraft:walk_one_cm":90214,"minecraft:drop":2,"minecraft:damage_dealt":921,"minecraft:swim_one_cm":3560,"minecraft:fly_one_cm":151024,"minecraft:open_chest":8,"minecraft:crouch_one_cm":5357,"minecraft:play_time":41274,"minecraft:deaths":2,"minecraft:sneak_time":1168,"minecraft:walk_under_water_one_cm":8337,"minecraft:jump":725,"minecraft:walk_on_water_one_cm":7924,"minecraft:total_world_time":41274,"minecraft:fall_one_cm":36359},"minecraft:killed_by":{"spore:busser":1},"minecraft:used":{"cardiac:life_bottle":6,"minecraft:stone_pickaxe":4,"minecraft:wooden_pickaxe":8,"graveyard:oak_coffin":1,"minecraft:crafting_table":1,"mores:silver_apple":1,"minecraft:snowball":100,"mores:tin_shovel":11,"mores:amethyst_pickaxe":12,"minecraft:stone_axe":21,"minecraft:cooked_porkchop":7},"minecraft:killed":{"minecraft:skeleton":3,"minecraft:cow":3},"minecraft:crafted":{"mores:tin_chestplate":1,"minecraft:crafting_table":1,"minecraft:spruce_planks":12,"minecraft:wooden_pickaxe":1,"mores:tin_helmet":1,"minecraft:stone_axe":1,"mores:tin_leggings":1,"minecraft:air":0,"mores:tin_boots":1,"mores:tin_ingot":24,"minecraft:stick":16,"minecraft:stone_pickaxe":1,"minecraft:torch":8,"mores:tin_shovel":2},"minecraft:picked_up":{"minecraft:pink_petals":5,"minecraft:leather":7,"mores:tin_leggings":1,"mores:tin_helmet":1,"minecraft:dirt":9,"minecraft:raw_copper":76,"minecraft:iron_leggings":2,"minecraft:bone":6,"minecraft:beef":5,"minecraft:cobweb":4,"minecraft:book":36,"minecraft:raw_iron":10,"minecraft:cooked_porkchop":11,"minecraft:spruce_sapling":1,"minecraft:white_bed":1,"minecraft:spruce_log":3,"minecraft:redstone":13,"mores:tin_boots":1,"graveyard:oak_coffin":1,"mores:tin_ingot":2,"mores:tin_chestplate":1,"minecraft:arrow":6,"mores:amethyst_pickaxe":1,"minecraft:snowball":104,"minecraft:coal":2,"minecraft:skeleton_skull":1,"minecraft:cobblestone":72},"minecraft:dropped":{"minecraft:raw_copper":76},"minecraft:mined":{"minecraft:dead_horn_coral_fan":1,"minecraft:white_bed":1,"minecraft:snow_block":1,"minecraft:powder_snow":1,"minecraft:chiseled_bookshelf":8,"minecraft:grass_block":8,"minecraft:spruce_leaves":2,"minecraft:spawner":1,"minecraft:pink_petals":1,"minecraft:skeleton_skull":1,"minecraft:large_fern":1,"minecraft:iron_ore":10,"minecraft:spruce_log":3,"minecraft:grass":2,"minecraft:bookshelf":4,"minecraft:coal_ore":2,"minecraft:polished_deepslate_slab":1,"minecraft:dirt":1,"minecraft:stone":8}},"DataVersion":3465}