{"stats":{"minecraft:broken":{"mores:tin_shovel":1},"minecraft:custom":{"minecraft:interact_with_furnace":13,"minecraft:mob_kills":9,"minecraft:interact_with_crafting_table":32,"minecraft:open_barrel":2,"minecraft:leave_game":4,"minecraft:time_since_death":16252,"minecraft:sleep_in_bed":6,"minecraft:climb_one_cm":2432,"minecraft:time_since_rest":14330,"minecraft:sprint_one_cm":248908,"minecraft:damage_taken":4579,"minecraft:walk_one_cm":230059,"minecraft:drop":4,"minecraft:damage_dealt":1861,"minecraft:swim_one_cm":18261,"minecraft:fly_one_cm":406984,"minecraft:play_time":189502,"minecraft:open_chest":24,"minecraft:crouch_one_cm":30522,"minecraft:sneak_time":7983,"minecraft:deaths":7,"minecraft:walk_under_water_one_cm":16048,"minecraft:jump":2084,"minecraft:walk_on_water_one_cm":36289,"minecraft:total_world_time":189502,"minecraft:fall_one_cm":90654,"minecraft:horse_one_cm":378958},"minecraft:killed_by":{"spore:busser":1},"minecraft:used":{"minecraft:water_bucket":3,"cardiac:life_bottle":6,"minecraft:stone_pickaxe":4,"minecraft:oak_planks":1,"minecraft:chest":5,"minecraft:wooden_pickaxe":8,"minecraft:wooden_shovel":13,"minecraft:green_bed":1,"minecraft:cobblestone_slab":152,"minecraft:stone_hoe":45,"graveyard:oak_coffin":1,"minecraft:torch":6,"minecraft:dirt":138,"minecraft:sand":3,"minecraft:crafting_table":6,"minecraft:white_bed":3,"mores:silver_apple":2,"minecraft:snowball":102,"minecraft:wooden_axe":22,"minecraft:apple":1,"mores:tin_shovel":136,"minecraft:bread":14,"mores:sterling_boots":1,"evilcraft:box_of_eternal_closure":11,"mores:amethyst_pickaxe":97,"minecraft:pink_petals":77,"minecraft:stone_axe":82,"minecraft:hay_block":1,"minecraft:furnace":1,"minecraft:cooked_porkchop":7,"minecraft:bucket":3},"minecraft:killed":{"minecraft:spider":1,"minecraft:skeleton":3,"minecraft:zombie":1,"minecraft:cow":3},"minecraft:crafted":{"minecraft:cherry_planks":48,"minecraft:oak_planks":4,"minecraft:wooden_shovel":1,"minecraft:cobblestone_slab":150,"mores:tin_chestplate":1,"minecraft:crafting_table":5,"minecraft:spruce_planks":12,"minecraft:wooden_pickaxe":1,"mores:tin_helmet":1,"minecraft:furnace":1,"minecraft:bucket":1,"minecraft:birch_planks":12,"minecraft:stone_axe":2,"mores:tin_leggings":1,"minecraft:bread":142,"minecraft:air":0,"mores:tin_boots":1,"minecraft:wooden_axe":1,"mores:tin_ingot":24,"minecraft:stick":24,"minecraft:iron_ingot":9,"minecraft:stone_pickaxe":1,"minecraft:chest":4,"minecraft:torch":16,"minecraft:stone_hoe":1,"mores:tin_shovel":2,"minecraft:wheat":423},"minecraft:picked_up":{"minecraft:birch_log":3,"minecraft:pink_petals":77,"minecraft:crafting_table":2,"minecraft:wheat":4,"minecraft:leather":7,"mores:tin_leggings":1,"mores:tin_helmet":1,"minecraft:oak_log":8,"minecraft:dirt":141,"minecraft:raw_copper":76,"minecraft:iron_leggings":2,"minecraft:bone":6,"minecraft:wheat_seeds":16,"minecraft:beef":5,"minecraft:cobweb":4,"minecraft:cobblestone_slab":2,"artifacts:antidote_vessel":2,"minecraft:melon_slice":14,"minecraft:sugar_cane":7,"minecraft:chest":1,"minecraft:furnace":1,"minecraft:book":36,"minecraft:stick":1,"minecraft:raw_iron":10,"minecraft:cooked_porkchop":13,"minecraft:pumpkin":4,"minecraft:torch":1,"minecraft:green_bed":1,"minecraft:sand":3,"minecraft:cherry_log":14,"minecraft:spruce_sapling":1,"minecraft:white_bed":6,"minecraft:spruce_log":3,"minecraft:redstone":13,"mores:tin_boots":1,"mores:tin_ingot":2,"mores:tin_chestplate":1,"graveyard:oak_coffin":1,"minecraft:dried_kelp_block":1,"evilcraft:box_of_eternal_closure":11,"minecraft:arrow":6,"minecraft:beetroot_seeds":2,"minecraft:hay_block":50,"mores:amethyst_pickaxe":1,"minecraft:skeleton_skull":1,"minecraft:coal":50,"minecraft:snowball":176,"minecraft:bone_block":1,"minecraft:cobblestone":94},"minecraft:dropped":{"minecraft:raw_copper":76,"minecraft:white_bed":1,"artifacts:antidote_vessel":1},"minecraft:mined":{"minecraft:dead_horn_coral_fan":1,"spore:wall_growths_big":1,"minecraft:white_bed":5,"minecraft:melon_stem":1,"minecraft:snow_block":3,"minecraft:cherry_log":14,"minecraft:powder_snow":16,"minecraft:crafting_table":2,"minecraft:torch":1,"minecraft:chiseled_bookshelf":8,"minecraft:grass_block":76,"minecraft:melon":4,"minecraft:chest":1,"minecraft:tall_grass":2,"minecraft:dried_kelp_block":1,"minecraft:spruce_leaves":2,"minecraft:large_fern":1,"minecraft:spawner":1,"minecraft:pink_petals":6,"minecraft:skeleton_skull":1,"minecraft:hay_block":49,"minecraft:furnace":1,"minecraft:birch_log":3,"minecraft:iron_ore":10,"minecraft:wheat":5,"evilcraft:box_of_eternal_closure":5,"minecraft:pumpkin":4,"minecraft:spruce_log":3,"minecraft:oak_log":8,"minecraft:beetroots":2,"minecraft:grass":9,"minecraft:bookshelf":4,"minecraft:coal_ore":50,"minecraft:polished_deepslate_slab":1,"minecraft:cobblestone_slab":2,"minecraft:cherry_leaves":1,"minecraft:sand":3,"minecraft:dirt":71,"minecraft:stone":30,"minecraft:bone_block":1,"minecraft:oak_leaves":3,"minecraft:green_bed":1}},"DataVersion":3465}