{"stats":{"minecraft:broken":{"mores:tin_shovel":1},"minecraft:custom":{"minecraft:interact_with_furnace":11,"minecraft:mob_kills":8,"minecraft:interact_with_crafting_table":25,"minecraft:open_barrel":2,"minecraft:leave_game":1,"minecraft:time_since_death":115892,"minecraft:sleep_in_bed":2,"minecraft:climb_one_cm":1851,"minecraft:time_since_rest":79903,"minecraft:sprint_one_cm":144007,"minecraft:damage_taken":2940,"minecraft:walk_one_cm":153265,"minecraft:drop":3,"minecraft:damage_dealt":1653,"minecraft:swim_one_cm":3560,"minecraft:fly_one_cm":198541,"minecraft:open_chest":16,"minecraft:crouch_one_cm":28828,"minecraft:play_time":143274,"minecraft:deaths":2,"minecraft:sneak_time":7476,"minecraft:walk_under_water_one_cm":9305,"minecraft:jump":992,"minecraft:walk_on_water_one_cm":11473,"minecraft:total_world_time":143274,"minecraft:fall_one_cm":52291,"minecraft:horse_one_cm":378958},"minecraft:killed_by":{"spore:busser":1},"minecraft:used":{"minecraft:water_bucket":2,"cardiac:life_bottle":6,"minecraft:stone_pickaxe":4,"minecraft:chest":5,"minecraft:wooden_pickaxe":8,"minecraft:cobblestone_slab":152,"graveyard:oak_coffin":1,"minecraft:dirt":124,"minecraft:crafting_table":4,"minecraft:white_bed":1,"mores:silver_apple":2,"minecraft:snowball":102,"mores:tin_shovel":135,"minecraft:bread":8,"evilcraft:box_of_eternal_closure":11,"mores:amethyst_pickaxe":97,"minecraft:stone_axe":77,"minecraft:pink_petals":77,"minecraft:furnace":1,"minecraft:cooked_porkchop":7,"minecraft:bucket":3},"minecraft:killed":{"minecraft:skeleton":3,"minecraft:zombie":1,"minecraft:cow":3},"minecraft:picked_up":{"minecraft:pink_petals":77,"minecraft:crafting_table":1,"minecraft:leather":7,"mores:tin_leggings":1,"mores:tin_helmet":1,"minecraft:dirt":127,"minecraft:raw_copper":76,"minecraft:iron_leggings":2,"minecraft:bone":6,"minecraft:wheat_seeds":1,"minecraft:beef":5,"minecraft:cobblestone_slab":2,"minecraft:cobweb":4,"artifacts:antidote_vessel":2,"minecraft:chest":1,"minecraft:furnace":1,"minecraft:book":36,"minecraft:stick":1,"minecraft:raw_iron":10,"minecraft:cooked_porkchop":13,"minecraft:cherry_log":14,"minecraft:spruce_sapling":1,"minecraft:white_bed":2,"minecraft:spruce_log":3,"minecraft:redstone":13,"mores:tin_boots":1,"evilcraft:box_of_eternal_closure":11,"graveyard:oak_coffin":1,"mores:tin_ingot":2,"mores:tin_chestplate":1,"minecraft:dried_kelp_block":1,"minecraft:arrow":6,"minecraft:hay_block":28,"mores:amethyst_pickaxe":1,"minecraft:snowball":112,"minecraft:coal":50,"minecraft:skeleton_skull":1,"minecraft:bone_block":1,"minecraft:cobblestone":94},"minecraft:crafted":{"minecraft:cherry_planks":48,"minecraft:cobblestone_slab":150,"mores:tin_chestplate":1,"minecraft:crafting_table":3,"minecraft:spruce_planks":12,"minecraft:wooden_pickaxe":1,"mores:tin_helmet":1,"minecraft:furnace":1,"minecraft:bucket":1,"minecraft:stone_axe":2,"mores:tin_leggings":1,"minecraft:bread":75,"minecraft:air":0,"mores:tin_boots":1,"mores:tin_ingot":24,"minecraft:stick":16,"minecraft:iron_ingot":9,"minecraft:chest":4,"minecraft:stone_pickaxe":1,"minecraft:torch":8,"mores:tin_shovel":2,"minecraft:wheat":225},"minecraft:dropped":{"minecraft:raw_copper":76,"artifacts:antidote_vessel":1},"minecraft:mined":{"minecraft:dead_horn_coral_fan":1,"minecraft:white_bed":2,"minecraft:snow_block":3,"minecraft:cherry_log":14,"minecraft:powder_snow":1,"minecraft:crafting_table":1,"minecraft:chiseled_bookshelf":8,"minecraft:grass_block":68,"minecraft:chest":1,"minecraft:tall_grass":2,"minecraft:dried_kelp_block":1,"minecraft:spruce_leaves":2,"minecraft:spawner":1,"minecraft:pink_petals":6,"minecraft:skeleton_skull":1,"minecraft:large_fern":1,"minecraft:hay_block":28,"minecraft:furnace":1,"minecraft:iron_ore":10,"evilcraft:box_of_eternal_closure":5,"minecraft:spruce_log":3,"minecraft:cobblestone_slab":2,"minecraft:grass":4,"minecraft:bookshelf":4,"minecraft:coal_ore":50,"minecraft:polished_deepslate_slab":1,"minecraft:cherry_leaves":1,"minecraft:dirt":64,"minecraft:stone":30,"minecraft:bone_block":1}},"DataVersion":3465}