{"stats":{"minecraft:custom":{"minecraft:interact_with_furnace":6,"minecraft:sprint_one_cm":78338,"minecraft:damage_taken":1863,"minecraft:walk_one_cm":57450,"minecraft:mob_kills":6,"minecraft:damage_dealt":921,"minecraft:swim_one_cm":3560,"minecraft:interact_with_crafting_table":15,"minecraft:fly_one_cm":115290,"minecraft:open_chest":3,"minecraft:crouch_one_cm":1958,"minecraft:play_time":29274,"minecraft:deaths":2,"minecraft:sneak_time":519,"minecraft:walk_under_water_one_cm":8337,"minecraft:jump":533,"minecraft:leave_game":1,"minecraft:time_since_death":1892,"minecraft:walk_on_water_one_cm":7581,"minecraft:total_world_time":29274,"minecraft:fall_one_cm":24774,"minecraft:time_since_rest":2754},"minecraft:killed_by":{"spore:busser":1},"minecraft:used":{"cardiac:life_bottle":6,"minecraft:stone_pickaxe":4,"minecraft:wooden_pickaxe":8,"graveyard:oak_coffin":1,"minecraft:stone_axe":21,"minecraft:crafting_table":1,"minecraft:cooked_porkchop":7,"minecraft:snowball":100},"minecraft:killed":{"minecraft:skeleton":3,"minecraft:cow":3},"minecraft:crafted":{"mores:tin_boots":1,"mores:tin_chestplate":1,"minecraft:crafting_table":1,"mores:tin_ingot":24,"minecraft:spruce_planks":12,"minecraft:stick":8,"minecraft:wooden_pickaxe":1,"minecraft:stone_pickaxe":1,"mores:tin_helmet":1,"minecraft:torch":8,"minecraft:stone_axe":1,"mores:tin_leggings":1,"minecraft:air":0},"minecraft:picked_up":{"minecraft:cooked_porkchop":11,"minecraft:leather":7,"minecraft:spruce_log":3,"minecraft:redstone":13,"minecraft:dirt":3,"graveyard:oak_coffin":1,"minecraft:iron_leggings":2,"minecraft:bone":6,"minecraft:arrow":6,"minecraft:beef":5,"minecraft:cobweb":4,"minecraft:skeleton_skull":1,"minecraft:coal":2,"minecraft:snowball":100,"minecraft:cobblestone":6},"minecraft:mined":{"minecraft:large_fern":1,"minecraft:dead_horn_coral_fan":1,"minecraft:skeleton_skull":1,"minecraft:spruce_log":3,"minecraft:grass":2,"minecraft:grass_block":1,"minecraft:coal_ore":2,"minecraft:polished_deepslate_slab":1,"minecraft:spruce_leaves":2,"minecraft:stone":6,"minecraft:spawner":1}},"DataVersion":3465}