{"stats":{"minecraft:custom":{"minecraft:jump":80,"minecraft:time_since_rest":5378,"minecraft:damage_dealt":10,"minecraft:crouch_one_cm":1807,"minecraft:sprint_one_cm":11471,"minecraft:damage_taken":200,"minecraft:play_time":5378,"minecraft:walk_on_water_one_cm":2371,"minecraft:time_since_death":5378,"minecraft:walk_one_cm":16323,"minecraft:sneak_time":414,"minecraft:total_world_time":5378,"minecraft:walk_under_water_one_cm":4378,"minecraft:swim_one_cm":1038,"minecraft:fall_one_cm":1380,"minecraft:fly_one_cm":8486},"minecraft:used":{"minecraft:snowball":100,"minecraft:cooked_porkchop":1},"minecraft:picked_up":{"minecraft:arrow":1,"minecraft:bone":2,"minecraft:cooked_porkchop":6,"minecraft:snowball":100,"minecraft:dirt":2}},"DataVersion":3465}