{"stats":{"minecraft:broken":{"mores:tin_shovel":1,"minecraft:wooden_axe":2},"minecraft:custom":{"minecraft:mob_kills":16,"minecraft:interact_with_crafting_table":38,"minecraft:open_barrel":2,"minecraft:leave_game":6,"minecraft:time_since_death":39521,"minecraft:climb_one_cm":4356,"minecraft:sprint_one_cm":338058,"minecraft:walk_one_cm":275795,"minecraft:drop":7,"minecraft:play_time":212771,"minecraft:deaths":7,"minecraft:sneak_time":11488,"minecraft:walk_under_water_one_cm":17772,"minecraft:jump":2533,"minecraft:walk_on_water_one_cm":40327,"minecraft:total_world_time":212771,"minecraft:interact_with_furnace":13,"minecraft:sleep_in_bed":6,"minecraft:time_since_rest":37599,"minecraft:damage_taken":5349,"minecraft:damage_dealt":3706,"minecraft:swim_one_cm":29325,"minecraft:fly_one_cm":494323,"minecraft:open_chest":41,"minecraft:crouch_one_cm":46340,"minecraft:fall_one_cm":101299,"minecraft:horse_one_cm":378958},"minecraft:killed_by":{"spore:busser":1},"minecraft:used":{"minecraft:chest":6,"minecraft:wooden_shovel":30,"minecraft:stone_hoe":45,"graveyard:oak_coffin":1,"minecraft:torch":6,"minecraft:dirt":138,"mores:silver_apple":2,"minecraft:snowball":102,"minecraft:wooden_axe":82,"evilcraft:box_of_eternal_closure":11,"mores:amethyst_pickaxe":97,"minecraft:hay_block":1,"minecraft:furnace":1,"minecraft:mossy_stone_bricks":1,"minecraft:water_bucket":3,"cardiac:life_bottle":9,"minecraft:stone_pickaxe":12,"minecraft:oak_planks":1,"minecraft:wooden_pickaxe":21,"minecraft:green_bed":1,"minecraft:cobblestone_slab":152,"minecraft:sand":3,"minecraft:crafting_table":9,"minecraft:white_bed":3,"minecraft:oak_log":1,"minecraft:apple":1,"mores:tin_shovel":136,"minecraft:bread":24,"minecraft:string":2,"mores:sterling_boots":1,"minecraft:stone_axe":120,"minecraft:pink_petals":77,"minecraft:cooked_porkchop":7,"minecraft:bucket":3},"minecraft:killed":{"minecraft:spider":1,"minecraft:skeleton":3,"minecraft:pig":1,"celestisynth:star_monolith":1,"spore:inf_human":1,"minecraft:zombie":2,"minecraft:cow":6},"minecraft:picked_up":{"minecraft:crafting_table":3,"minecraft:wheat":4,"mores:tin_battleaxe":1,"minecraft:chicken":14,"minecraft:ladder":3,"mores:tin_helmet":2,"minecraft:string":15,"minecraft:raw_copper":76,"minecraft:iron_leggings":2,"minecraft:smooth_stone":1,"minecraft:beef":13,"minecraft:cobblestone_slab":2,"minecraft:chest":1,"minecraft:melon_slice":46,"minecraft:sugar_cane":7,"minecraft:birch_sapling":2,"minecraft:furnace":1,"minecraft:raw_iron":10,"minecraft:stick":6,"minecraft:torch":5,"minecraft:green_bed":2,"minecraft:porkchop":2,"minecraft:cherry_log":14,"minecraft:carrot":1,"minecraft:redstone":13,"cardiac:life_bottle":2,"mores:tin_boots":1,"mores:raw_tin":4,"evilcraft:box_of_eternal_closure":11,"minecraft:arrow":29,"minecraft:beetroot_seeds":2,"minecraft:hay_block":50,"minecraft:gold_ingot":3,"mores:amethyst_pickaxe":1,"evilcraft:condensed_blood":20,"minecraft:mutton":7,"minecraft:cobblestone":160,"minecraft:skeleton_skull":2,"minecraft:snowball":176,"minecraft:bone_block":1,"spore:cdu":1,"minecraft:birch_log":3,"minecraft:pink_petals":77,"minecraft:feather":19,"minecraft:cooked_beef":9,"minecraft:leather":22,"minecraft:birch_planks":6,"mores:tin_leggings":1,"minecraft:oak_log":55,"minecraft:dirt":141,"minecraft:glass":9,"minecraft:bone":39,"minecraft:stone_bricks":1,"minecraft:kelp":54,"minecraft:wheat_seeds":16,"minecraft:stone_pickaxe":2,"minecraft:cobweb":4,"minecraft:mossy_stone_bricks":1,"spore:mutated_fiber":2,"artifacts:antidote_vessel":2,"minecraft:book":83,"minecraft:cooked_porkchop":30,"minecraft:pumpkin":4,"minecraft:sand":3,"minecraft:spruce_sapling":1,"minecraft:white_bed":6,"minecraft:spruce_log":3,"travelersbackpack:white_sleeping_bag":1,"graveyard:oak_coffin":1,"mores:tin_ingot":3,"mores:tin_chestplate":1,"minecraft:dried_kelp_block":1,"minecraft:spruce_sign":1,"minecraft:bread":39,"minecraft:oak_sapling":4,"minecraft:coal":50},"minecraft:crafted":{"minecraft:cherry_planks":48,"minecraft:oak_planks":28,"minecraft:cobblestone_slab":150,"minecraft:furnace":1,"mores:tin_ingot":24,"minecraft:melon_seeds":6,"minecraft:stone_pickaxe":2,"minecraft:chest":5,"minecraft:stone_hoe":1,"mores:tin_shovel":2,"minecraft:wheat":423,"minecraft:wooden_shovel":1,"mores:tin_chestplate":1,"minecraft:crafting_table":6,"minecraft:spruce_planks":12,"minecraft:wooden_pickaxe":2,"mores:tin_helmet":1,"minecraft:bucket":1,"minecraft:birch_planks":12,"minecraft:stone_axe":3,"mores:tin_leggings":1,"minecraft:bread":142,"minecraft:air":0,"mores:tin_boots":1,"minecraft:stick":28,"minecraft:iron_ingot":9,"minecraft:wooden_axe":2,"minecraft:torch":16},"minecraft:dropped":{"minecraft:spruce_sign":1,"minecraft:cobblestone":1,"minecraft:raw_copper":76,"minecraft:wheat":5,"minecraft:white_bed":1,"artifacts:antidote_vessel":1},"minecraft:mined":{"minecraft:dead_horn_coral_fan":1,"spore:wall_growths_big":11,"minecraft:white_bed":5,"spore:wall_growths":4,"minecraft:cherry_log":14,"minecraft:chiseled_bookshelf":8,"minecraft:grass_block":76,"spore:fungal_stem":1,"minecraft:spruce_leaves":2,"minecraft:mud_bricks":1,"spore:growths_small":1,"minecraft:spawner":1,"minecraft:large_fern":1,"minecraft:smooth_stone":1,"minecraft:hay_block":49,"minecraft:furnace":1,"spore:blomfung":1,"minecraft:iron_ore":10,"evilcraft:box_of_eternal_closure":5,"minecraft:orange_stained_glass_pane":2,"minecraft:pumpkin":4,"spore:growth_mycelium":2,"spore:rotten_stair":1,"minecraft:bookshelf":17,"minecraft:polished_deepslate_slab":1,"minecraft:cobblestone_slab":2,"minecraft:stone":37,"minecraft:bone_block":1,"minecraft:tripwire":2,"minecraft:green_bed":1,"minecraft:melon_stem":1,"minecraft:snow_block":3,"minecraft:powder_snow":16,"spore:growths_big":8,"minecraft:crafting_table":3,"minecraft:torch":1,"minecraft:melon":4,"minecraft:chest":1,"minecraft:mushroom_stem":3,"minecraft:glass":3,"minecraft:tall_grass":2,"minecraft:dried_kelp_block":1,"minecraft:pink_petals":6,"minecraft:skeleton_skull":2,"spore:bloomfung2":5,"minecraft:birch_log":3,"minecraft:wheat":5,"minecraft:spruce_log":3,"spore:fungal_stem_top":1,"minecraft:grass":9,"minecraft:oak_log":8,"minecraft:coal_ore":50,"minecraft:beetroots":2,"minecraft:cherry_leaves":1,"minecraft:sand":18,"minecraft:dirt":71,"minecraft:stone_bricks":1,"minecraft:mossy_stone_bricks":2,"minecraft:oak_leaves":6,"spore:remains":6}},"DataVersion":3465}