{"stats":{"minecraft:custom":{"minecraft:time_since_rest":17378,"minecraft:interact_with_furnace":6,"minecraft:sprint_one_cm":31057,"minecraft:damage_taken":370,"minecraft:walk_one_cm":34311,"minecraft:damage_dealt":10,"minecraft:swim_one_cm":1038,"minecraft:interact_with_crafting_table":15,"minecraft:fly_one_cm":29172,"minecraft:open_chest":3,"minecraft:crouch_one_cm":1944,"minecraft:play_time":17378,"minecraft:sneak_time":504,"minecraft:walk_under_water_one_cm":5278,"minecraft:jump":210,"minecraft:walk_on_water_one_cm":6610,"minecraft:time_since_death":17378,"minecraft:total_world_time":17378,"minecraft:fall_one_cm":10448},"minecraft:used":{"minecraft:stone_pickaxe":2,"minecraft:wooden_pickaxe":8,"minecraft:stone_axe":2,"graveyard:oak_coffin":1,"minecraft:crafting_table":1,"minecraft:cooked_porkchop":4,"minecraft:snowball":100},"minecraft:crafted":{"mores:tin_boots":1,"mores:tin_chestplate":1,"minecraft:crafting_table":1,"mores:tin_ingot":24,"minecraft:spruce_planks":12,"minecraft:stick":8,"minecraft:wooden_pickaxe":1,"minecraft:stone_pickaxe":1,"mores:tin_helmet":1,"minecraft:torch":8,"minecraft:stone_axe":1,"mores:tin_leggings":1,"minecraft:air":0},"minecraft:picked_up":{"minecraft:cooked_porkchop":11,"minecraft:leather":4,"minecraft:spruce_log":3,"minecraft:redstone":13,"minecraft:dirt":3,"graveyard:oak_coffin":1,"minecraft:iron_leggings":2,"minecraft:arrow":1,"minecraft:bone":2,"minecraft:cobweb":4,"minecraft:coal":2,"minecraft:snowball":100,"minecraft:skeleton_skull":1,"minecraft:cobblestone":6},"minecraft:mined":{"minecraft:large_fern":1,"minecraft:skeleton_skull":1,"minecraft:spruce_log":3,"minecraft:grass_block":1,"minecraft:coal_ore":2,"minecraft:spruce_leaves":2,"minecraft:stone":6,"minecraft:spawner":1}},"DataVersion":3465}