{"stats":{"minecraft:killed_by":{"spore:busser":1},"minecraft:used":{"mores:emerald_pickaxe":742,"celestisynth:lunar_stone_chestplate":1,"minecraft:chest":11,"minecraft:rotten_flesh":2,"artifacts:umbrella":16,"mores:tourmaline_axe":49,"minecraft:tuff":5,"evilcraft:bucket_blood":5,"minecraft:light_blue_bed":1,"minecraft:furnace":1,"minecraft:cooked_cod":11,"minecraft:diorite":3,"minecraft:stone_pickaxe":279,"minecraft:oak_planks":3,"minecraft:wooden_pickaxe":65,"minecraft:sandstone":9,"minecraft:white_wool":1,"elevatorid:elevator_white":3,"minecraft:blast_furnace":1,"minecraft:deepslate_brick_stairs":2,"mores:emerald_battleaxe":279,"minecraft:bread":23,"minecraft:gravel":1,"minecraft:andesite":2,"minecraft:cobweb":48,"minecraft:light_gray_carpet":3,"minecraft:torch":138,"minecraft:dirt":23,"minecraft:granite":2,"mores:tin_sword":38,"minecraft:iron_block":1,"mores:amethyst_helmet":1,"minecraft:cooked_beef":2,"mores:sapphire_leggings":1,"minecraft:cobbled_deepslate":114,"mores:amethyst_boots":1,"minecraft:deepslate_bricks":1,"minecraft:crafting_table":8,"minecraft:white_bed":3,"minecraft:campfire":1,"minecraft:stone_axe":21,"minecraft:fishing_rod":11,"minecraft:cobblestone":270,"travelersbackpack:standard":5,"minecraft:cooked_porkchop":3,"minecraft:red_banner":1,"minecraft:bucket":5},"minecraft:killed":{"minecraft:witch":1,"minecraft:spider":7,"graveyard:wraith":7,"minecraft:skeleton":2,"minecraft:bee":1,"minecraft:chicken":2,"artifacts:mimic":1,"minecraft:pig":7,"spore:inf_player":1,"minecraft:zombie_villager":1,"minecraft:salmon":3,"spore:volatile":1,"deadland:smoker":1,"minecraft:creeper":1,"minecraft:sheep":3,"spore:inf_villager":4,"deadland:obeser":1,"minecraft:donkey":2,"minecraft:zombie":5,"spore:inf_human":1,"deadland:rammer":1,"graveyard:corrupted_pillager":2,"deadland:shambler":1,"minecraft:cow":6,"deadland:crawler":1,"minecraft:horse":3,"graveyard:ghoul":2,"deadland:hutrian":1,"spore:inf_pillager":4,"spore:inf_witch":1},"minecraft:crafted":{"minecraft:oak_planks":92,"minecraft:glass":24,"evilcraft:blood_extractor":1,"mores:tourmaline_axe":1,"minecraft:chest":6,"mores:amethyst_helmet":1,"mores:sapphire_leggings":1,"minecraft:blue_stained_glass":8,"minecraft:cooked_porkchop":5,"minecraft:crafting_table":4,"minecraft:wooden_pickaxe":1,"minecraft:gold_block":1,"minecraft:campfire":4,"minecraft:charcoal":3,"mores:tourmaline_pickaxe":1,"minecraft:stick":88,"minecraft:iron_ingot":9,"minecraft:gold_ingot":16,"evilcraft:dark_spike":16,"mores:amethyst_boots":1,"minecraft:fishing_rod":1,"mores:emerald_pickaxe":2,"minecraft:flint_and_steel":1,"minecraft:stone_pickaxe":3,"celestisynth:lunar_stone_chestplate":1,"minecraft:cooked_beef":2,"elevatorid:elevator_white":2,"evilcraft:blood_infusion_core":1,"minecraft:bucket":1,"mores:emerald_battleaxe":2,"minecraft:stone_axe":1,"minecraft:air":0,"minecraft:blue_dye":1,"minecraft:white_wool":16,"mores:tin_sword":1,"minecraft:white_bed":1,"minecraft:torch":120},"minecraft:dropped":{"minecraft:iron_sword":6,"minecraft:rail":1,"minecraft:cut_sandstone_slab":2,"minecraft:bone_meal":1,"minecraft:birch_log":6,"minecraft:gravel":3,"minecraft:oak_planks":33,"minecraft:fern":1,"evilcraft:flesh_humanoid":1,"mores:sterling_leggings":1,"minecraft:beetroot_seeds":1,"spore:armor_fragment":4,"minecraft:wheat_seeds":6,"minecraft:tnt":1,"minecraft:dripstone_block":1,"minecraft:cobblestone":6,"evilcraft:dark_gem":1,"mores:tin_sword":2,"minecraft:diorite":16,"minecraft:wither_rose":1,"minecraft:string":2,"minecraft:oak_trapdoor":2,"minecraft:tuff":14,"minecraft:shears":1,"minecraft:pumpkin_seeds":1,"mores:emerald_battleaxe":1,"minecraft:deepslate_bricks":4,"minecraft:shield":1,"minecraft:flower_pot":1,"minecraft:andesite":1,"mores:tanzanite_horse_armor":1,"minecraft:stone_pickaxe":3,"minecraft:wooden_pickaxe":2},"minecraft:broken":{"minecraft:stone_pickaxe":2},"minecraft:mined":{"minecraft:cut_sandstone_slab":2,"minecraft:white_bed":2,"minecraft:granite":2,"minecraft:grass_block":20,"minecraft:deepslate_bricks":6,"minecraft:sandstone_stairs":1,"mores:deepslate_tourmaline_ore":9,"minecraft:iron_ore":21,"minecraft:cobbled_deepslate":5,"graveyard:leaning_wither_skeleton":1,"minecraft:pumpkin":4,"minecraft:deepslate_lapis_ore":4,"minecraft:pointed_dripstone":1,"mores:deepslate_sapphire_ore":9,"minecraft:deepslate_brick_stairs":6,"minecraft:iron_block":4,"minecraft:sandstone_slab":1,"minecraft:deepslate_redstone_ore":7,"minecraft:cut_sandstone":2,"minecraft:quartz_block":1,"minecraft:polished_deepslate_stairs":4,"mores:deepslate_anthracite_ore":10,"minecraft:torch":3,"minecraft:blast_furnace":1,"minecraft:oxidized_copper":1,"mores:topaz_ore":2,"minecraft:chest":5,"minecraft:dead_bush":1,"minecraft:cobblestone":22,"minecraft:oak_planks":1,"minecraft:sugar_cane":9,"minecraft:smooth_sandstone_slab":1,"minecraft:wall_torch":7,"minecraft:amethyst_block":1,"evilcraft:dark_ore_deepslate":10,"minecraft:wheat":6,"minecraft:grass":13,"minecraft:cracked_deepslate_tiles":2,"minecraft:oak_log":38,"minecraft:sand":38,"minecraft:dirt":33,"mores:silver_ore":32,"mores:deepslate_topaz_ore":20,"minecraft:oak_leaves":30,"minecraft:deepslate":143,"evilcraft:hardened_blood":2,"minecraft:deepslate_tiles":7,"minecraft:tuff":19,"minecraft:potted_wither_rose":1,"minecraft:candle":1,"minecraft:gray_stained_glass_pane":2,"minecraft:glow_lichen":1,"minecraft:cobbled_deepslate_slab":1,"graveyard:tg_deepslate":2,"minecraft:sandstone":9,"minecraft:oak_trapdoor":1,"minecraft:furnace":1,"minecraft:andesite":48,"evilcraft:dark_ore":8,"mores:deepslate_cobalt_ore":3,"graveyard:sarcophagus":1,"minecraft:deepslate_iron_ore":25,"minecraft:stone":352,"minecraft:white_wool":4,"minecraft:light_gray_carpet":3,"minecraft:glass_pane":2,"mores:cobalt_ore":5,"minecraft:polished_granite":4,"minecraft:crafting_table":5,"minecraft:rose_bush":1,"minecraft:copper_ore":2,"minecraft:tall_grass":4,"minecraft:deepslate_gold_ore":24,"minecraft:cracked_deepslate_bricks":7,"minecraft:diorite":41,"mores:deepslate_ruby_ore":2,"graveyard:vase_block":4,"minecraft:light_blue_bed":1,"mores:deepslate_tin_ore":1,"graveyard:dark_iron_bars":2,"elevatorid:elevator_white":1,"minecraft:coal_ore":129,"minecraft:dripstone_block":4,"minecraft:gravel":15,"minecraft:cobweb":66,"mores:deepslate_silver_ore":17},"minecraft:custom":{"minecraft:interact_with_crafting_table":44,"minecraft:open_barrel":23,"minecraft:bell_ring":1,"minecraft:leave_game":1,"minecraft:time_since_death":33890,"minecraft:sprint_one_cm":442969,"minecraft:damage_blocked_by_shield":563,"minecraft:drop":48,"minecraft:play_time":200483,"minecraft:deaths":9,"minecraft:jump":3044,"minecraft:walk_on_water_one_cm":15621,"minecraft:interact_with_furnace":32,"minecraft:sleep_in_bed":7,"minecraft:damage_dealt":15897,"minecraft:player_kills":1,"minecraft:crouch_one_cm":51437,"minecraft:mob_kills":75,"minecraft:interact_with_campfire":28,"minecraft:damage_dealt_resisted":203,"minecraft:climb_one_cm":2744,"minecraft:walk_one_cm":527255,"minecraft:sneak_time":17546,"minecraft:walk_under_water_one_cm":8989,"minecraft:interact_with_blast_furnace":13,"minecraft:total_world_time":200483,"minecraft:time_since_rest":7031,"minecraft:damage_taken":5320,"minecraft:swim_one_cm":17691,"minecraft:fly_one_cm":455059,"minecraft:open_chest":154,"minecraft:fish_caught":4,"minecraft:fall_one_cm":61412},"minecraft:picked_up":{"spore:mutated_heart":6,"minecraft:wheat":5,"minecraft:flower_pot":2,"artifacts:umbrella":9,"minecraft:enchanted_book":12,"minecraft:wither_rose":26,"minecraft:potion":1,"minecraft:amethyst_block":1,"minecraft:string":90,"minecraft:raw_copper":6,"minecraft:cooked_salmon":3,"graveyard:sarcophagus":3,"mores:tourmaline_gem":31,"minecraft:deepslate_tiles":7,"minecraft:cobbled_deepslate":286,"minecraft:rose_bush":3,"minecraft:enchanted_golden_apple":3,"minecraft:furnace":1,"minecraft:stick":17,"minecraft:polished_deepslate_stairs":10,"minecraft:torch":42,"minecraft:porkchop":16,"mores:emerald_battleaxe":11,"mores:topaz_gem":52,"minecraft:pointed_dripstone":3,"minecraft:diorite":76,"mores:raw_tin":10,"minecraft:rotten_flesh":40,"minecraft:iron_block":4,"minecraft:deepslate_brick_stairs":4,"minecraft:cod":12,"minecraft:cobblestone":809,"minecraft:birch_log":6,"minecraft:feather":1,"minecraft:oxidized_copper":1,"minecraft:cooked_beef":8,"minecraft:andesite":85,"minecraft:brown_wool":1,"minecraft:green_concrete_powder":1,"minecraft:flint":1,"minecraft:tuff":37,"evilcraft:flesh_humanoid":6,"mores:tin_sword":1,"minecraft:lapis_lazuli":54,"minecraft:cut_sandstone_slab":3,"minecraft:dirt":65,"minecraft:bone":263,"minecraft:wheat_seeds":14,"minecraft:raw_gold":105,"minecraft:cobbled_deepslate_slab":3,"minecraft:glowstone_dust":3,"minecraft:oak_planks":84,"spore:cerebrum":6,"minecraft:cooked_porkchop":10,"spore:armor_fragment":20,"minecraft:sand":37,"mores:raw_cobalt":18,"spore:claw_fragment":24,"evilcraft:broom":7,"minecraft:granite":2,"minecraft:bone_meal":2,"minecraft:golden_apple":3,"minecraft:emerald":21,"minecraft:bread":61,"spore:spine_fragment":1,"mores:raw_silver":123,"minecraft:oak_sapling":1,"minecraft:light_gray_carpet":3,"minecraft:fishing_rod":1,"minecraft:crafting_table":9,"minecraft:chicken":2,"evilcraft:dark_power_gem":1,"graveyard:dark_iron_ingot":16,"minecraft:wooden_pickaxe":3,"minecraft:shield":3,"minecraft:red_bed":1,"minecraft:oak_trapdoor":2,"graveyard:corruption":23,"minecraft:candle":9,"minecraft:beef":10,"evilcraft:hardened_blood_shard":14,"minecraft:sugar_cane":18,"minecraft:chest":5,"minecraft:egg":4,"minecraft:sandstone":9,"minecraft:raw_iron":103,"spore:tumor":12,"graveyard:dark_iron_bars":2,"minecraft:redstone":54,"minecraft:light_blue_bed":1,"cardiac:life_bottle":15,"minecraft:smooth_sandstone_slab":1,"mores:emerald_pickaxe":8,"minecraft:arrow":9,"artifacts:cowboy_hat":2,"minecraft:cooked_cod":17,"minecraft:beetroot_seeds":1,"minecraft:shears":1,"minecraft:deepslate_bricks":16,"minecraft:cracked_deepslate_bricks":13,"minecraft:gold_ingot":24,"minecraft:mutton":6,"minecraft:white_wool":9,"minecraft:rail":2,"minecraft:cracked_deepslate_tiles":2,"minecraft:salmon":16,"minecraft:leather":9,"minecraft:fern":1,"mores:sterling_leggings":9,"minecraft:oak_log":44,"minecraft:gunpowder":97,"mores:tourmaline_axe":2,"minecraft:iron_ingot":6,"minecraft:stone_pickaxe":7,"minecraft:cobweb":126,"spore:mutated_fiber":40,"minecraft:iron_sword":3,"minecraft:acacia_sapling":6,"elevatorid:elevator_white":1,"minecraft:pumpkin":4,"minecraft:dripstone_block":3,"minecraft:gravel":19,"mores:ruby_gem":4,"minecraft:amethyst_shard":45,"minecraft:red_banner":1,"minecraft:blast_furnace":2,"minecraft:white_bed":4,"minecraft:spider_eye":2,"mores:tin_ingot":49,"travelersbackpack:standard":2,"mores:sapphire_gem":18,"minecraft:campfire":4,"mores:anthracite":20,"evilcraft:dark_gem":172,"minecraft:coal":501,"minecraft:ender_pearl":15}},"DataVersion":3465}