{"stats":{"minecraft:killed":{"minecraft:spider":1,"graveyard:wraith":1,"spore:inf_pillager":1,"graveyard:corrupted_pillager":2},"minecraft:mined":{"minecraft:deepslate_tiles":3,"minecraft:tuff":2,"minecraft:cut_sandstone_slab":2,"minecraft:candle":1,"minecraft:gray_stained_glass_pane":2,"minecraft:cobbled_deepslate_slab":1,"minecraft:grass_block":3,"minecraft:deepslate_bricks":4,"minecraft:sandstone":9,"minecraft:sandstone_stairs":1,"minecraft:oak_trapdoor":1,"mores:deepslate_tourmaline_ore":4,"minecraft:iron_ore":9,"graveyard:leaning_wither_skeleton":1,"minecraft:andesite":24,"evilcraft:dark_ore":6,"minecraft:deepslate_lapis_ore":2,"mores:deepslate_cobalt_ore":1,"graveyard:sarcophagus":1,"minecraft:pointed_dripstone":1,"minecraft:deepslate_iron_ore":7,"minecraft:deepslate_brick_stairs":5,"minecraft:stone":90,"minecraft:iron_block":4,"minecraft:white_wool":4,"minecraft:sandstone_slab":1,"minecraft:cut_sandstone":2,"minecraft:light_gray_carpet":3,"minecraft:glass_pane":2,"minecraft:quartz_block":1,"mores:cobalt_ore":1,"minecraft:polished_deepslate_stairs":3,"minecraft:polished_granite":4,"minecraft:crafting_table":4,"minecraft:oxidized_copper":1,"minecraft:dead_bush":1,"minecraft:cobblestone":2,"minecraft:deepslate_gold_ore":3,"minecraft:oak_planks":1,"minecraft:cracked_deepslate_bricks":5,"minecraft:wall_torch":2,"minecraft:diorite":5,"minecraft:smooth_sandstone_slab":1,"minecraft:amethyst_block":1,"graveyard:vase_block":2,"minecraft:wheat":6,"minecraft:grass":1,"minecraft:cracked_deepslate_tiles":2,"graveyard:dark_iron_bars":2,"minecraft:coal_ore":86,"minecraft:dripstone_block":3,"minecraft:sand":6,"minecraft:dirt":12,"mores:silver_ore":8,"mores:deepslate_silver_ore":1,"mores:deepslate_topaz_ore":2,"minecraft:deepslate":1},"minecraft:used":{"mores:emerald_pickaxe":22,"minecraft:light_gray_carpet":3,"minecraft:chest":2,"minecraft:torch":30,"minecraft:dirt":5,"artifacts:umbrella":7,"minecraft:iron_block":1,"minecraft:cooked_cod":9,"minecraft:diorite":3,"minecraft:stone_pickaxe":279,"minecraft:oak_planks":3,"minecraft:wooden_pickaxe":33,"minecraft:sandstone":9,"minecraft:deepslate_bricks":1,"minecraft:white_wool":1,"minecraft:crafting_table":6,"minecraft:white_bed":1,"minecraft:deepslate_brick_stairs":2,"mores:emerald_battleaxe":13,"minecraft:bread":5,"minecraft:stone_axe":21,"minecraft:cobblestone":18,"minecraft:red_banner":1},"minecraft:dropped":{"minecraft:iron_sword":6,"minecraft:wheat_seeds":6,"minecraft:tnt":1,"minecraft:cobblestone":5,"minecraft:cut_sandstone_slab":2,"minecraft:oak_trapdoor":2,"minecraft:oak_planks":33,"minecraft:fern":1,"minecraft:shears":1,"minecraft:pumpkin_seeds":1,"minecraft:shield":1,"minecraft:andesite":1,"minecraft:beetroot_seeds":1,"mores:tanzanite_horse_armor":1,"minecraft:wooden_pickaxe":2,"minecraft:stone_pickaxe":2},"minecraft:crafted":{"mores:emerald_pickaxe":1,"minecraft:stone_pickaxe":3,"minecraft:chest":2,"minecraft:crafting_table":3,"minecraft:wooden_pickaxe":1,"mores:emerald_battleaxe":1,"minecraft:stone_axe":1,"minecraft:stick":24,"minecraft:white_bed":1,"minecraft:torch":32},"minecraft:picked_up":{"minecraft:crafting_table":6,"minecraft:wheat":5,"graveyard:dark_iron_ingot":10,"artifacts:umbrella":2,"minecraft:wooden_pickaxe":3,"minecraft:shield":3,"minecraft:amethyst_block":1,"minecraft:oak_trapdoor":2,"minecraft:red_bed":1,"mores:tourmaline_gem":4,"graveyard:sarcophagus":3,"graveyard:corruption":1,"minecraft:deepslate_tiles":3,"minecraft:candle":9,"minecraft:cobbled_deepslate":1,"minecraft:stick":14,"minecraft:raw_iron":48,"minecraft:sandstone":9,"minecraft:polished_deepslate_stairs":9,"minecraft:torch":13,"mores:emerald_battleaxe":2,"minecraft:pointed_dripstone":1,"mores:topaz_gem":2,"minecraft:diorite":4,"graveyard:dark_iron_bars":2,"minecraft:smooth_sandstone_slab":1,"minecraft:rotten_flesh":28,"minecraft:cooked_cod":6,"minecraft:beetroot_seeds":1,"minecraft:shears":1,"minecraft:deepslate_bricks":10,"minecraft:iron_block":4,"minecraft:cracked_deepslate_bricks":11,"minecraft:deepslate_brick_stairs":3,"minecraft:white_wool":4,"minecraft:cobblestone":196,"minecraft:cracked_deepslate_tiles":2,"minecraft:oxidized_copper":1,"minecraft:andesite":25,"minecraft:green_concrete_powder":1,"minecraft:fern":1,"mores:sterling_leggings":2,"minecraft:tuff":2,"minecraft:gunpowder":12,"minecraft:lapis_lazuli":30,"minecraft:dirt":15,"minecraft:cut_sandstone_slab":3,"minecraft:bone":36,"minecraft:wheat_seeds":6,"minecraft:raw_gold":3,"minecraft:cobbled_deepslate_slab":1,"minecraft:stone_pickaxe":4,"minecraft:cobweb":30,"spore:mutated_fiber":12,"minecraft:iron_sword":3,"minecraft:oak_planks":34,"minecraft:acacia_sapling":6,"minecraft:dripstone_block":1,"minecraft:sand":5,"minecraft:amethyst_shard":2,"minecraft:red_banner":1,"mores:raw_cobalt":6,"minecraft:white_bed":2,"evilcraft:broom":2,"evilcraft:dark_gem":78,"minecraft:emerald":4,"minecraft:bread":9,"minecraft:light_gray_carpet":3,"mores:raw_silver":11,"minecraft:coal":268,"minecraft:ender_pearl":10},"minecraft:custom":{"minecraft:mob_kills":5,"minecraft:interact_with_crafting_table":10,"minecraft:open_barrel":21,"minecraft:bell_ring":1,"minecraft:leave_game":1,"minecraft:time_since_death":6564,"minecraft:climb_one_cm":2744,"minecraft:sprint_one_cm":124595,"minecraft:walk_one_cm":156449,"minecraft:damage_blocked_by_shield":350,"minecraft:drop":25,"minecraft:play_time":57206,"minecraft:deaths":2,"minecraft:sneak_time":4739,"minecraft:walk_under_water_one_cm":1050,"minecraft:jump":909,"minecraft:walk_on_water_one_cm":566,"minecraft:total_world_time":57206,"minecraft:interact_with_furnace":3,"minecraft:sleep_in_bed":4,"minecraft:time_since_rest":3865,"minecraft:damage_taken":1520,"minecraft:damage_dealt":1804,"minecraft:fly_one_cm":176156,"minecraft:open_chest":33,"minecraft:crouch_one_cm":10570,"minecraft:fall_one_cm":22188},"minecraft:broken":{"minecraft:stone_pickaxe":2}},"DataVersion":3465}