{"stats":{"minecraft:killed_by":{"spore:busser":1},"minecraft:used":{"mores:emerald_pickaxe":329,"minecraft:light_gray_carpet":3,"minecraft:chest":4,"minecraft:rotten_flesh":2,"minecraft:torch":73,"minecraft:dirt":13,"artifacts:umbrella":14,"mores:tourmaline_axe":8,"minecraft:tuff":5,"mores:tin_sword":38,"minecraft:iron_block":1,"minecraft:cooked_cod":9,"minecraft:cooked_beef":1,"minecraft:diorite":3,"minecraft:stone_pickaxe":279,"minecraft:oak_planks":3,"minecraft:wooden_pickaxe":65,"minecraft:sandstone":9,"minecraft:deepslate_bricks":1,"elevatorid:elevator_white":1,"minecraft:white_wool":1,"minecraft:crafting_table":7,"minecraft:white_bed":2,"minecraft:deepslate_brick_stairs":2,"mores:emerald_battleaxe":126,"minecraft:bread":18,"minecraft:stone_axe":21,"minecraft:cobblestone":73,"travelersbackpack:standard":1,"minecraft:red_banner":1,"minecraft:andesite":2,"minecraft:cobweb":48},"minecraft:killed":{"minecraft:spider":2,"deadland:crawler":1,"graveyard:wraith":7,"minecraft:skeleton":1,"minecraft:pig":2,"spore:inf_player":1,"spore:volatile":1,"spore:inf_pillager":1,"spore:inf_villager":3,"deadland:obeser":1,"spore:inf_witch":1,"graveyard:corrupted_pillager":2,"deadland:shambler":1,"minecraft:cow":1},"minecraft:crafted":{"minecraft:oak_planks":36,"minecraft:fishing_rod":1,"mores:emerald_pickaxe":2,"mores:tourmaline_axe":1,"minecraft:stone_pickaxe":3,"minecraft:chest":4,"minecraft:cooked_beef":2,"elevatorid:elevator_white":1,"minecraft:cooked_porkchop":3,"minecraft:crafting_table":4,"minecraft:wooden_pickaxe":1,"mores:emerald_battleaxe":2,"minecraft:stone_axe":1,"minecraft:air":0,"minecraft:white_wool":11,"mores:tin_sword":1,"minecraft:stick":48,"minecraft:white_bed":1,"minecraft:torch":88},"minecraft:dropped":{"minecraft:iron_sword":6,"minecraft:wheat_seeds":6,"minecraft:tnt":1,"minecraft:cobblestone":5,"minecraft:cut_sandstone_slab":2,"mores:tin_sword":2,"minecraft:wither_rose":1,"minecraft:bone_meal":1,"minecraft:string":2,"minecraft:birch_log":6,"minecraft:oak_trapdoor":2,"minecraft:tuff":13,"minecraft:oak_planks":33,"minecraft:fern":1,"minecraft:shears":1,"evilcraft:flesh_humanoid":1,"minecraft:pumpkin_seeds":1,"minecraft:deepslate_bricks":4,"minecraft:shield":1,"minecraft:flower_pot":1,"minecraft:andesite":1,"minecraft:beetroot_seeds":1,"mores:tanzanite_horse_armor":1,"minecraft:wooden_pickaxe":2,"minecraft:stone_pickaxe":3,"spore:armor_fragment":4},"minecraft:broken":{"minecraft:stone_pickaxe":2},"minecraft:mined":{"minecraft:deepslate_tiles":7,"minecraft:tuff":18,"minecraft:cut_sandstone_slab":2,"minecraft:white_bed":1,"minecraft:potted_wither_rose":1,"minecraft:candle":1,"minecraft:gray_stained_glass_pane":2,"minecraft:granite":2,"minecraft:cobbled_deepslate_slab":1,"minecraft:grass_block":9,"graveyard:tg_deepslate":2,"minecraft:deepslate_bricks":6,"minecraft:sandstone":9,"minecraft:sandstone_stairs":1,"minecraft:oak_trapdoor":1,"mores:deepslate_tourmaline_ore":4,"minecraft:iron_ore":21,"minecraft:cobbled_deepslate":2,"graveyard:leaning_wither_skeleton":1,"minecraft:andesite":47,"evilcraft:dark_ore":6,"minecraft:deepslate_lapis_ore":2,"mores:deepslate_cobalt_ore":1,"graveyard:sarcophagus":1,"minecraft:pointed_dripstone":1,"minecraft:deepslate_iron_ore":7,"minecraft:deepslate_brick_stairs":6,"minecraft:stone":259,"minecraft:iron_block":4,"minecraft:white_wool":4,"minecraft:sandstone_slab":1,"minecraft:light_gray_carpet":3,"minecraft:cut_sandstone":2,"minecraft:glass_pane":2,"minecraft:quartz_block":1,"mores:cobalt_ore":1,"minecraft:polished_deepslate_stairs":4,"minecraft:polished_granite":4,"minecraft:crafting_table":4,"minecraft:oxidized_copper":1,"minecraft:dead_bush":1,"minecraft:tall_grass":1,"minecraft:copper_ore":2,"minecraft:cobblestone":4,"minecraft:deepslate_gold_ore":3,"minecraft:oak_planks":1,"minecraft:cracked_deepslate_bricks":7,"minecraft:diorite":25,"minecraft:smooth_sandstone_slab":1,"minecraft:wall_torch":6,"minecraft:amethyst_block":1,"graveyard:vase_block":4,"minecraft:wheat":6,"graveyard:dark_iron_bars":2,"minecraft:grass":4,"minecraft:cracked_deepslate_tiles":2,"minecraft:oak_log":14,"minecraft:coal_ore":128,"minecraft:gravel":1,"minecraft:dripstone_block":3,"minecraft:sand":6,"minecraft:dirt":29,"mores:silver_ore":24,"minecraft:cobweb":55,"mores:deepslate_silver_ore":1,"mores:deepslate_topaz_ore":2,"minecraft:oak_leaves":1,"minecraft:deepslate":7},"minecraft:custom":{"minecraft:mob_kills":25,"minecraft:interact_with_crafting_table":22,"minecraft:open_barrel":21,"minecraft:bell_ring":1,"minecraft:damage_dealt_resisted":203,"minecraft:leave_game":1,"minecraft:time_since_death":16770,"minecraft:climb_one_cm":2744,"minecraft:sprint_one_cm":246575,"minecraft:walk_one_cm":289792,"minecraft:damage_blocked_by_shield":523,"minecraft:drop":39,"minecraft:play_time":110483,"minecraft:deaths":7,"minecraft:sneak_time":10013,"minecraft:walk_under_water_one_cm":1887,"minecraft:jump":1694,"minecraft:walk_on_water_one_cm":5773,"minecraft:total_world_time":110483,"minecraft:interact_with_furnace":11,"minecraft:sleep_in_bed":6,"minecraft:time_since_rest":9581,"minecraft:damage_taken":4158,"minecraft:damage_dealt":7370,"minecraft:swim_one_cm":4706,"minecraft:fly_one_cm":317142,"minecraft:player_kills":1,"minecraft:open_chest":56,"minecraft:crouch_one_cm":24628,"minecraft:fall_one_cm":43627},"minecraft:picked_up":{"minecraft:crafting_table":8,"minecraft:wheat":5,"minecraft:flower_pot":2,"graveyard:dark_iron_ingot":14,"artifacts:umbrella":7,"minecraft:wooden_pickaxe":3,"minecraft:wither_rose":18,"minecraft:enchanted_book":8,"minecraft:shield":3,"minecraft:amethyst_block":1,"minecraft:string":61,"minecraft:oak_trapdoor":2,"minecraft:red_bed":1,"minecraft:raw_copper":2,"mores:tourmaline_gem":20,"graveyard:sarcophagus":3,"graveyard:corruption":15,"minecraft:deepslate_tiles":7,"minecraft:candle":9,"minecraft:cobbled_deepslate":11,"minecraft:beef":4,"minecraft:enchanted_golden_apple":2,"minecraft:egg":1,"spore:tumor":9,"minecraft:stick":15,"minecraft:raw_iron":66,"minecraft:sandstone":9,"minecraft:polished_deepslate_stairs":10,"minecraft:torch":20,"minecraft:porkchop":6,"mores:emerald_battleaxe":7,"minecraft:diorite":24,"minecraft:pointed_dripstone":3,"mores:topaz_gem":10,"graveyard:dark_iron_bars":2,"cardiac:life_bottle":10,"minecraft:smooth_sandstone_slab":1,"mores:emerald_pickaxe":5,"minecraft:arrow":1,"minecraft:rotten_flesh":32,"minecraft:cooked_cod":6,"minecraft:beetroot_seeds":1,"minecraft:shears":1,"minecraft:deepslate_bricks":16,"minecraft:iron_block":4,"minecraft:cracked_deepslate_bricks":13,"minecraft:gold_ingot":16,"minecraft:deepslate_brick_stairs":4,"minecraft:white_wool":7,"minecraft:cobblestone":567,"minecraft:cracked_deepslate_tiles":2,"minecraft:birch_log":6,"minecraft:oxidized_copper":1,"minecraft:andesite":48,"minecraft:green_concrete_powder":1,"minecraft:fern":1,"mores:sterling_leggings":7,"minecraft:tuff":35,"minecraft:oak_log":20,"evilcraft:flesh_humanoid":3,"mores:tin_sword":1,"minecraft:gunpowder":66,"minecraft:lapis_lazuli":30,"minecraft:dirt":30,"minecraft:cut_sandstone_slab":3,"minecraft:bone":194,"minecraft:wheat_seeds":13,"minecraft:raw_gold":45,"minecraft:cobbled_deepslate_slab":3,"minecraft:iron_ingot":4,"minecraft:stone_pickaxe":7,"minecraft:cobweb":126,"spore:mutated_fiber":22,"minecraft:acacia_sapling":6,"minecraft:oak_planks":56,"minecraft:iron_sword":3,"spore:cerebrum":1,"spore:armor_fragment":16,"minecraft:dripstone_block":1,"minecraft:gravel":1,"minecraft:sand":5,"minecraft:amethyst_shard":45,"mores:raw_cobalt":6,"minecraft:red_banner":1,"minecraft:white_bed":3,"mores:tin_ingot":34,"spore:claw_fragment":18,"evilcraft:broom":6,"evilcraft:dark_gem":78,"minecraft:granite":2,"minecraft:bone_meal":1,"minecraft:golden_apple":2,"minecraft:bread":59,"minecraft:emerald":20,"spore:spine_fragment":1,"minecraft:light_gray_carpet":3,"mores:raw_silver":59,"minecraft:coal":434,"minecraft:ender_pearl":15}},"DataVersion":3465}