{"stats":{"minecraft:picked_up":{"spore:mutated_heart":5,"minecraft:crafting_table":2,"minecraft:magma_block":6,"minecraft:cooked_beef":14,"minecraft:andesite":28,"minecraft:leather":6,"minecraft:wooden_pickaxe":3,"minecraft:oak_log":22,"evilcraft:flesh_humanoid":6,"minecraft:gunpowder":8,"minecraft:dirt":188,"minecraft:string":12,"minecraft:cooked_mutton":9,"minecraft:bone":6,"minecraft:wheat_seeds":3,"minecraft:bucket":2,"minecraft:stone_pickaxe":6,"minecraft:iron_ingot":20,"minecraft:beef":9,"spore:mutated_fiber":13,"minecraft:iron_pickaxe":4,"minecraft:light_gray_wool":5,"minecraft:sugar_cane":6,"minecraft:oak_planks":7,"minecraft:furnace":4,"minecraft:raw_iron":60,"minecraft:stick":7,"minecraft:cooked_porkchop":3,"minecraft:torch":21,"minecraft:lava_bucket":3,"minecraft:porkchop":2,"minecraft:diorite":77,"spartanshields:stone_basic_shield":4,"spore:claw_fragment":12,"minecraft:arrow":7,"minecraft:rotten_flesh":1,"minecraft:stone_axe":3,"minecraft:granite":28,"spore:spine_fragment":1,"minecraft:mutton":16,"minecraft:coal":187,"minecraft:white_wool":32,"minecraft:cobblestone":653},"minecraft:dropped":{"minecraft:wheat_seeds":1,"minecraft:lava_bucket":2,"minecraft:stone_pickaxe":2},"minecraft:crafted":{"minecraft:oak_planks":16,"minecraft:crafting_table":2,"minecraft:wooden_pickaxe":1,"minecraft:furnace":1,"spartanshields:stone_basic_shield":1,"minecraft:bucket":1,"minecraft:stone_axe":1,"minecraft:cooked_mutton":4,"minecraft:air":0,"minecraft:stick":8,"minecraft:iron_ingot":13,"minecraft:iron_pickaxe":1,"minecraft:stone_pickaxe":2,"spartanshields:wooden_basic_shield":1,"minecraft:torch":16},"minecraft:broken":{"minecraft:stone_pickaxe":1,"minecraft:stone_axe":1},"minecraft:used":{"minecraft:cooked_mutton":13,"minecraft:diorite":2,"minecraft:stone_pickaxe":263,"minecraft:wooden_pickaxe":7,"minecraft:torch":13,"minecraft:crafting_table":4,"minecraft:milk_bucket":1,"minecraft:lava_bucket":28,"spartanshields:stone_basic_shield":21,"minecraft:stone_axe":87,"minecraft:magma_block":6,"minecraft:cobblestone":24,"minecraft:furnace":3,"minecraft:cooked_porkchop":3,"minecraft:bucket":29,"minecraft:andesite":2,"minecraft:cooked_beef":7},"minecraft:mined":{"spore:growths_big":1,"minecraft:crafting_table":3,"minecraft:granite":4,"minecraft:grass_block":10,"minecraft:tall_grass":3,"minecraft:cobblestone":1,"spore:growths_small":1,"minecraft:diorite":11,"minecraft:wall_torch":1,"minecraft:magma_block":6,"minecraft:furnace":2,"minecraft:iron_ore":23,"minecraft:andesite":7,"minecraft:orange_tulip":1,"minecraft:grass":21,"minecraft:oak_log":14,"minecraft:coal_ore":62,"minecraft:dirt":30,"minecraft:stone":120,"minecraft:oak_leaves":6},"minecraft:killed":{"deadland:climber":1,"minecraft:pig":2,"spore:inf_wanderer":1,"spore:braiomil":1,"minecraft:sheep":10,"minecraft:skeleton":1,"minecraft:zombie":1,"spore:inf_human":1,"spore:knight":2,"minecraft:cow":8},"minecraft:custom":{"minecraft:interact_with_furnace":20,"spartanshields:shield_bash_hits":2,"minecraft:mob_kills":30,"minecraft:interact_with_crafting_table":14,"minecraft:leave_game":3,"minecraft:time_since_death":8796,"minecraft:time_since_rest":8819,"minecraft:sprint_one_cm":101815,"minecraft:damage_taken":2740,"minecraft:walk_one_cm":127742,"minecraft:damage_blocked_by_shield":980,"minecraft:drop":5,"minecraft:damage_dealt":3381,"minecraft:swim_one_cm":33669,"minecraft:fly_one_cm":172225,"minecraft:crouch_one_cm":11616,"minecraft:play_time":53204,"minecraft:deaths":4,"minecraft:sneak_time":5396,"minecraft:walk_under_water_one_cm":12034,"minecraft:jump":961,"minecraft:walk_on_water_one_cm":2783,"minecraft:total_world_time":53204,"minecraft:fall_one_cm":17724}},"DataVersion":3465}