{"stats":{"minecraft:used":{"mores:emerald_pickaxe":27,"minecraft:light_gray_carpet":3,"minecraft:chest":2,"minecraft:rotten_flesh":2,"minecraft:torch":30,"minecraft:dirt":5,"artifacts:umbrella":8,"minecraft:tuff":5,"minecraft:iron_block":1,"minecraft:cooked_cod":9,"minecraft:diorite":3,"minecraft:stone_pickaxe":279,"minecraft:oak_planks":3,"minecraft:wooden_pickaxe":65,"minecraft:sandstone":9,"minecraft:deepslate_bricks":1,"minecraft:white_wool":1,"minecraft:crafting_table":6,"minecraft:white_bed":1,"minecraft:deepslate_brick_stairs":2,"mores:emerald_battleaxe":62,"minecraft:bread":8,"minecraft:stone_axe":21,"minecraft:cobblestone":38,"minecraft:red_banner":1},"minecraft:killed":{"minecraft:spider":1,"graveyard:wraith":7,"spore:inf_player":1,"spore:volatile":1,"spore:inf_pillager":1,"graveyard:corrupted_pillager":2},"minecraft:crafted":{"mores:emerald_pickaxe":1,"minecraft:stone_pickaxe":3,"minecraft:chest":2,"minecraft:crafting_table":3,"minecraft:wooden_pickaxe":1,"mores:emerald_battleaxe":1,"minecraft:stone_axe":1,"minecraft:stick":24,"minecraft:white_bed":1,"minecraft:torch":32},"minecraft:dropped":{"minecraft:iron_sword":6,"minecraft:wheat_seeds":6,"minecraft:tnt":1,"minecraft:cobblestone":5,"minecraft:cut_sandstone_slab":2,"minecraft:wither_rose":1,"minecraft:oak_trapdoor":2,"minecraft:oak_planks":33,"minecraft:fern":1,"minecraft:shears":1,"minecraft:pumpkin_seeds":1,"minecraft:shield":1,"minecraft:andesite":1,"minecraft:beetroot_seeds":1,"mores:tanzanite_horse_armor":1,"minecraft:wooden_pickaxe":2,"minecraft:stone_pickaxe":2},"minecraft:broken":{"minecraft:stone_pickaxe":2},"minecraft:mined":{"minecraft:deepslate_tiles":7,"minecraft:tuff":18,"minecraft:cut_sandstone_slab":2,"minecraft:potted_wither_rose":1,"minecraft:candle":1,"minecraft:gray_stained_glass_pane":2,"minecraft:cobbled_deepslate_slab":1,"minecraft:grass_block":3,"graveyard:tg_deepslate":2,"minecraft:deepslate_bricks":6,"minecraft:sandstone":9,"minecraft:sandstone_stairs":1,"minecraft:oak_trapdoor":1,"mores:deepslate_tourmaline_ore":4,"minecraft:iron_ore":9,"minecraft:cobbled_deepslate":2,"graveyard:leaning_wither_skeleton":1,"minecraft:andesite":24,"evilcraft:dark_ore":6,"minecraft:deepslate_lapis_ore":2,"mores:deepslate_cobalt_ore":1,"graveyard:sarcophagus":1,"minecraft:pointed_dripstone":1,"minecraft:deepslate_iron_ore":7,"minecraft:deepslate_brick_stairs":6,"minecraft:stone":90,"minecraft:iron_block":4,"minecraft:white_wool":4,"minecraft:sandstone_slab":1,"minecraft:light_gray_carpet":3,"minecraft:cut_sandstone":2,"minecraft:glass_pane":2,"minecraft:quartz_block":1,"mores:cobalt_ore":1,"minecraft:polished_deepslate_stairs":4,"minecraft:polished_granite":4,"minecraft:crafting_table":4,"minecraft:oxidized_copper":1,"minecraft:dead_bush":1,"minecraft:cobblestone":3,"minecraft:deepslate_gold_ore":3,"minecraft:oak_planks":1,"minecraft:cracked_deepslate_bricks":7,"minecraft:diorite":5,"minecraft:smooth_sandstone_slab":1,"minecraft:wall_torch":2,"minecraft:amethyst_block":1,"graveyard:vase_block":4,"minecraft:wheat":6,"graveyard:dark_iron_bars":2,"minecraft:grass":1,"minecraft:cracked_deepslate_tiles":2,"minecraft:coal_ore":86,"minecraft:dripstone_block":3,"minecraft:sand":6,"minecraft:dirt":12,"mores:silver_ore":8,"mores:deepslate_silver_ore":1,"mores:deepslate_topaz_ore":2,"minecraft:deepslate":7},"minecraft:custom":{"minecraft:mob_kills":13,"minecraft:interact_with_crafting_table":10,"minecraft:open_barrel":21,"minecraft:bell_ring":1,"minecraft:damage_dealt_resisted":203,"minecraft:leave_game":1,"minecraft:time_since_death":12842,"minecraft:climb_one_cm":2744,"minecraft:sprint_one_cm":140476,"minecraft:walk_one_cm":200180,"minecraft:damage_blocked_by_shield":393,"minecraft:drop":26,"minecraft:play_time":74483,"minecraft:deaths":4,"minecraft:sneak_time":6881,"minecraft:walk_under_water_one_cm":1050,"minecraft:jump":1111,"minecraft:walk_on_water_one_cm":566,"minecraft:total_world_time":74483,"minecraft:interact_with_furnace":3,"minecraft:sleep_in_bed":4,"minecraft:time_since_rest":12866,"minecraft:damage_taken":2944,"minecraft:damage_dealt":4519,"minecraft:fly_one_cm":194143,"minecraft:open_chest":36,"minecraft:crouch_one_cm":15637,"minecraft:fall_one_cm":26471},"minecraft:picked_up":{"minecraft:crafting_table":8,"minecraft:wheat":5,"minecraft:flower_pot":1,"graveyard:dark_iron_ingot":10,"artifacts:umbrella":4,"minecraft:wooden_pickaxe":3,"minecraft:wither_rose":2,"minecraft:shield":3,"minecraft:amethyst_block":1,"minecraft:oak_trapdoor":2,"minecraft:red_bed":1,"mores:tourmaline_gem":12,"graveyard:sarcophagus":3,"graveyard:corruption":3,"minecraft:deepslate_tiles":7,"minecraft:candle":9,"minecraft:cobbled_deepslate":11,"spore:tumor":3,"minecraft:stick":14,"minecraft:raw_iron":54,"minecraft:sandstone":9,"minecraft:polished_deepslate_stairs":10,"minecraft:torch":13,"mores:emerald_battleaxe":4,"minecraft:diorite":4,"minecraft:pointed_dripstone":3,"mores:topaz_gem":6,"graveyard:dark_iron_bars":2,"minecraft:smooth_sandstone_slab":1,"mores:emerald_pickaxe":2,"minecraft:rotten_flesh":32,"minecraft:cooked_cod":6,"minecraft:beetroot_seeds":1,"minecraft:shears":1,"minecraft:deepslate_bricks":12,"minecraft:iron_block":4,"minecraft:cracked_deepslate_bricks":13,"minecraft:deepslate_brick_stairs":4,"minecraft:white_wool":4,"minecraft:cobblestone":302,"minecraft:cracked_deepslate_tiles":2,"minecraft:oxidized_copper":1,"minecraft:andesite":25,"minecraft:green_concrete_powder":1,"minecraft:fern":1,"mores:sterling_leggings":4,"minecraft:tuff":22,"evilcraft:flesh_humanoid":1,"minecraft:gunpowder":12,"minecraft:lapis_lazuli":30,"minecraft:dirt":15,"minecraft:cut_sandstone_slab":3,"minecraft:bone":66,"minecraft:wheat_seeds":12,"minecraft:raw_gold":9,"minecraft:cobbled_deepslate_slab":3,"minecraft:stone_pickaxe":6,"minecraft:cobweb":30,"spore:mutated_fiber":12,"minecraft:acacia_sapling":6,"minecraft:oak_planks":34,"minecraft:iron_sword":3,"spore:armor_fragment":4,"minecraft:dripstone_block":1,"minecraft:sand":5,"minecraft:amethyst_shard":6,"mores:raw_cobalt":6,"minecraft:red_banner":1,"minecraft:white_bed":2,"spore:claw_fragment":6,"evilcraft:broom":4,"evilcraft:dark_gem":78,"minecraft:bread":35,"minecraft:emerald":4,"minecraft:light_gray_carpet":3,"mores:raw_silver":27,"minecraft:coal":316,"minecraft:ender_pearl":10}},"DataVersion":3465}