{"stats":{"minecraft:killed_by":{"spore:busser":1},"minecraft:used":{"mores:emerald_pickaxe":467,"minecraft:light_gray_carpet":3,"minecraft:chest":11,"minecraft:rotten_flesh":2,"minecraft:torch":101,"minecraft:dirt":21,"artifacts:umbrella":16,"mores:tourmaline_axe":49,"minecraft:tuff":5,"minecraft:granite":2,"mores:tin_sword":38,"minecraft:iron_block":1,"minecraft:light_blue_bed":1,"minecraft:furnace":1,"minecraft:cooked_cod":9,"minecraft:cooked_beef":1,"minecraft:diorite":3,"minecraft:stone_pickaxe":279,"minecraft:oak_planks":3,"minecraft:wooden_pickaxe":65,"minecraft:sandstone":9,"minecraft:deepslate_bricks":1,"elevatorid:elevator_white":3,"minecraft:white_wool":1,"minecraft:crafting_table":8,"minecraft:white_bed":3,"minecraft:deepslate_brick_stairs":2,"mores:emerald_battleaxe":164,"minecraft:bread":23,"minecraft:gravel":1,"minecraft:stone_axe":21,"minecraft:fishing_rod":11,"minecraft:cobblestone":173,"travelersbackpack:standard":5,"minecraft:cooked_porkchop":2,"minecraft:red_banner":1,"minecraft:andesite":2,"minecraft:cobweb":48},"minecraft:killed":{"minecraft:spider":2,"deadland:crawler":1,"graveyard:wraith":7,"minecraft:skeleton":1,"minecraft:pig":3,"spore:inf_player":1,"spore:volatile":1,"deadland:smoker":1,"minecraft:creeper":1,"spore:inf_pillager":4,"spore:inf_villager":4,"spore:inf_human":1,"deadland:obeser":1,"spore:inf_witch":1,"graveyard:corrupted_pillager":2,"deadland:shambler":1,"minecraft:cow":1},"minecraft:crafted":{"minecraft:oak_planks":92,"minecraft:fishing_rod":1,"mores:emerald_pickaxe":2,"mores:tourmaline_axe":1,"minecraft:stone_pickaxe":3,"minecraft:chest":6,"minecraft:cooked_beef":2,"elevatorid:elevator_white":2,"minecraft:cooked_porkchop":5,"minecraft:crafting_table":4,"minecraft:wooden_pickaxe":1,"minecraft:campfire":4,"mores:emerald_battleaxe":2,"minecraft:stone_axe":1,"minecraft:air":0,"minecraft:white_wool":16,"mores:tin_sword":1,"minecraft:charcoal":3,"minecraft:stick":88,"minecraft:iron_ingot":5,"minecraft:white_bed":1,"minecraft:torch":120},"minecraft:dropped":{"minecraft:iron_sword":6,"minecraft:wheat_seeds":6,"minecraft:tnt":1,"minecraft:cobblestone":5,"minecraft:cut_sandstone_slab":2,"mores:tin_sword":2,"minecraft:wither_rose":1,"minecraft:bone_meal":1,"minecraft:string":2,"minecraft:birch_log":6,"minecraft:oak_trapdoor":2,"minecraft:tuff":13,"minecraft:oak_planks":33,"minecraft:fern":1,"minecraft:shears":1,"evilcraft:flesh_humanoid":1,"minecraft:pumpkin_seeds":1,"minecraft:deepslate_bricks":4,"minecraft:shield":1,"minecraft:flower_pot":1,"minecraft:andesite":1,"minecraft:beetroot_seeds":1,"mores:tanzanite_horse_armor":1,"minecraft:wooden_pickaxe":2,"minecraft:stone_pickaxe":3,"spore:armor_fragment":4},"minecraft:broken":{"minecraft:stone_pickaxe":2},"minecraft:mined":{"minecraft:deepslate_tiles":7,"minecraft:tuff":18,"minecraft:cut_sandstone_slab":2,"minecraft:white_bed":2,"minecraft:potted_wither_rose":1,"minecraft:candle":1,"minecraft:glow_lichen":1,"minecraft:gray_stained_glass_pane":2,"minecraft:granite":2,"minecraft:cobbled_deepslate_slab":1,"minecraft:grass_block":13,"graveyard:tg_deepslate":2,"minecraft:deepslate_bricks":6,"minecraft:sandstone":9,"minecraft:sandstone_stairs":1,"minecraft:oak_trapdoor":1,"mores:deepslate_tourmaline_ore":4,"minecraft:furnace":1,"minecraft:iron_ore":21,"minecraft:cobbled_deepslate":2,"graveyard:leaning_wither_skeleton":1,"minecraft:andesite":47,"evilcraft:dark_ore":6,"minecraft:deepslate_lapis_ore":2,"mores:deepslate_cobalt_ore":3,"graveyard:sarcophagus":1,"minecraft:pointed_dripstone":1,"minecraft:deepslate_iron_ore":7,"minecraft:deepslate_brick_stairs":6,"minecraft:stone":351,"minecraft:iron_block":4,"minecraft:white_wool":4,"minecraft:sandstone_slab":1,"minecraft:light_gray_carpet":3,"minecraft:cut_sandstone":2,"minecraft:glass_pane":2,"minecraft:quartz_block":1,"mores:cobalt_ore":5,"minecraft:polished_deepslate_stairs":4,"minecraft:polished_granite":4,"minecraft:crafting_table":5,"minecraft:torch":2,"mores:topaz_ore":2,"minecraft:oxidized_copper":1,"minecraft:chest":5,"minecraft:dead_bush":1,"minecraft:tall_grass":1,"minecraft:copper_ore":2,"minecraft:cobblestone":10,"minecraft:deepslate_gold_ore":3,"minecraft:oak_planks":1,"minecraft:cracked_deepslate_bricks":7,"minecraft:diorite":35,"minecraft:smooth_sandstone_slab":1,"minecraft:wall_torch":7,"minecraft:amethyst_block":1,"minecraft:light_blue_bed":1,"graveyard:vase_block":4,"minecraft:wheat":6,"mores:deepslate_tin_ore":1,"elevatorid:elevator_white":1,"graveyard:dark_iron_bars":2,"minecraft:grass":9,"minecraft:cracked_deepslate_tiles":2,"minecraft:oak_log":38,"minecraft:coal_ore":129,"minecraft:gravel":5,"minecraft:dripstone_block":3,"minecraft:sand":6,"minecraft:dirt":33,"mores:silver_ore":32,"minecraft:cobweb":66,"mores:deepslate_silver_ore":1,"mores:deepslate_topaz_ore":2,"minecraft:oak_leaves":28,"minecraft:deepslate":14},"minecraft:custom":{"minecraft:mob_kills":34,"minecraft:interact_with_crafting_table":31,"minecraft:open_barrel":21,"minecraft:bell_ring":1,"minecraft:damage_dealt_resisted":203,"minecraft:leave_game":1,"minecraft:time_since_death":31642,"minecraft:climb_one_cm":2744,"minecraft:sprint_one_cm":324462,"minecraft:walk_one_cm":372971,"minecraft:damage_blocked_by_shield":563,"minecraft:drop":39,"minecraft:play_time":146483,"minecraft:deaths":8,"minecraft:sneak_time":12370,"minecraft:walk_under_water_one_cm":3311,"minecraft:jump":2140,"minecraft:walk_on_water_one_cm":8127,"minecraft:total_world_time":146483,"minecraft:interact_with_furnace":23,"minecraft:sleep_in_bed":6,"minecraft:time_since_rest":31665,"minecraft:damage_taken":4817,"minecraft:damage_dealt":9105,"minecraft:swim_one_cm":9142,"minecraft:fly_one_cm":363750,"minecraft:player_kills":1,"minecraft:open_chest":106,"minecraft:crouch_one_cm":34353,"minecraft:fish_caught":4,"minecraft:fall_one_cm":50118},"minecraft:picked_up":{"minecraft:fishing_rod":1,"spore:mutated_heart":6,"minecraft:crafting_table":9,"minecraft:wheat":5,"minecraft:flower_pot":2,"graveyard:dark_iron_ingot":16,"artifacts:umbrella":8,"minecraft:wooden_pickaxe":3,"minecraft:potion":1,"minecraft:wither_rose":26,"minecraft:enchanted_book":12,"minecraft:shield":3,"minecraft:amethyst_block":1,"minecraft:string":84,"minecraft:oak_trapdoor":2,"minecraft:red_bed":1,"minecraft:raw_copper":6,"mores:tourmaline_gem":21,"graveyard:sarcophagus":3,"graveyard:corruption":21,"minecraft:deepslate_tiles":7,"minecraft:candle":9,"minecraft:cobbled_deepslate":18,"minecraft:beef":4,"minecraft:enchanted_golden_apple":3,"minecraft:chest":5,"minecraft:furnace":1,"minecraft:egg":2,"spore:tumor":12,"minecraft:stick":17,"minecraft:raw_iron":67,"minecraft:sandstone":9,"minecraft:polished_deepslate_stairs":10,"minecraft:torch":34,"minecraft:porkchop":8,"mores:emerald_battleaxe":9,"minecraft:diorite":53,"minecraft:pointed_dripstone":3,"mores:topaz_gem":14,"graveyard:dark_iron_bars":2,"minecraft:light_blue_bed":1,"cardiac:life_bottle":15,"mores:raw_tin":5,"minecraft:smooth_sandstone_slab":1,"mores:emerald_pickaxe":7,"minecraft:arrow":9,"minecraft:rotten_flesh":32,"minecraft:cooked_cod":6,"minecraft:beetroot_seeds":1,"minecraft:shears":1,"minecraft:deepslate_bricks":16,"minecraft:iron_block":4,"minecraft:cracked_deepslate_bricks":13,"minecraft:gold_ingot":24,"minecraft:deepslate_brick_stairs":4,"minecraft:cod":1,"minecraft:rail":1,"minecraft:white_wool":7,"minecraft:cobblestone":783,"minecraft:cracked_deepslate_tiles":2,"minecraft:birch_log":6,"minecraft:cooked_beef":2,"minecraft:oxidized_copper":1,"minecraft:salmon":10,"minecraft:andesite":84,"minecraft:green_concrete_powder":1,"minecraft:fern":1,"mores:sterling_leggings":8,"minecraft:tuff":35,"minecraft:oak_log":44,"evilcraft:flesh_humanoid":6,"mores:tin_sword":1,"minecraft:gunpowder":97,"minecraft:lapis_lazuli":30,"minecraft:dirt":47,"minecraft:cut_sandstone_slab":3,"minecraft:bone":261,"mores:tourmaline_axe":1,"minecraft:wheat_seeds":14,"minecraft:raw_gold":63,"minecraft:cobbled_deepslate_slab":3,"minecraft:iron_ingot":6,"minecraft:stone_pickaxe":7,"minecraft:cobweb":126,"spore:mutated_fiber":40,"minecraft:acacia_sapling":6,"minecraft:oak_planks":60,"minecraft:iron_sword":3,"elevatorid:elevator_white":1,"spore:cerebrum":6,"spore:armor_fragment":20,"minecraft:dripstone_block":1,"minecraft:gravel":7,"minecraft:sand":5,"minecraft:amethyst_shard":45,"mores:raw_cobalt":12,"minecraft:red_banner":1,"minecraft:white_bed":4,"travelersbackpack:standard":2,"mores:tin_ingot":49,"spore:claw_fragment":24,"evilcraft:broom":7,"evilcraft:dark_gem":78,"minecraft:granite":2,"minecraft:bone_meal":2,"minecraft:golden_apple":3,"minecraft:bread":61,"minecraft:emerald":21,"spore:spine_fragment":1,"minecraft:oak_sapling":1,"minecraft:light_gray_carpet":3,"mores:raw_silver":91,"minecraft:coal":501,"minecraft:ender_pearl":15}},"DataVersion":3465}