{"stats":{"minecraft:picked_up":{"minecraft:crafting_table":10,"spore:mutated_heart":7,"minecraft:chicken":3,"minecraft:stone_slab":2,"minecraft:wooden_pickaxe":3,"minecraft:amethyst_block":2,"minecraft:string":12,"minecraft:red_bed":1,"mores:tourmaline_gem":5,"minecraft:cobbled_deepslate":21,"minecraft:bucket":2,"minecraft:beef":9,"minecraft:oak_boat":2,"minecraft:iron_pickaxe":4,"minecraft:light_gray_wool":5,"minecraft:sugar_cane":13,"minecraft:egg":3,"minecraft:furnace":6,"minecraft:raw_iron":164,"minecraft:stick":7,"spore:tumor":2,"minecraft:torch":24,"minecraft:porkchop":2,"mores:topaz_gem":2,"minecraft:diorite":119,"minecraft:redstone":5,"spartanshields:stone_basic_shield":4,"mores:raw_tin":62,"minecraft:arrow":13,"minecraft:rotten_flesh":8,"mores:amethyst_pickaxe":1,"minecraft:mutton":20,"minecraft:white_wool":35,"minecraft:cobblestone":747,"minecraft:magma_block":6,"minecraft:cooked_beef":14,"minecraft:feather":6,"minecraft:andesite":42,"minecraft:leather":6,"minecraft:flint":2,"minecraft:tuff":6,"minecraft:oak_log":32,"evilcraft:flesh_humanoid":6,"minecraft:gunpowder":8,"minecraft:dirt":202,"minecraft:cooked_mutton":9,"minecraft:bone":18,"minecraft:stone_bricks":1,"minecraft:wheat_seeds":3,"minecraft:raw_gold":16,"minecraft:stone_pickaxe":6,"minecraft:iron_ingot":21,"spore:mutated_fiber":19,"minecraft:oak_planks":7,"spore:cerebrum":1,"minecraft:cooked_porkchop":3,"minecraft:chiseled_stone_bricks":2,"spore:armor_fragment":2,"minecraft:gravel":1,"minecraft:lava_bucket":3,"minecraft:sand":3,"minecraft:amethyst_shard":21,"mores:raw_cobalt":42,"minecraft:grass_block":1,"spore:claw_fragment":14,"minecraft:stone_axe":3,"mores:anthracite":11,"evilcraft:dark_gem":41,"minecraft:granite":32,"mores:amethyst_chestplate":1,"spore:spine_fragment":1,"mores:raw_silver":3,"minecraft:coal":194,"minecraft:ender_pearl":1},"minecraft:dropped":{"minecraft:wheat_seeds":2,"minecraft:feather":4,"minecraft:cobblestone":76,"minecraft:lava_bucket":2,"minecraft:dirt":40,"minecraft:diorite":78,"minecraft:torch":2,"minecraft:white_wool":2,"minecraft:cobbled_deepslate":20,"minecraft:tuff":6,"minecraft:rotten_flesh":5,"mores:amethyst_pickaxe":1,"minecraft:andesite":28,"minecraft:stone_pickaxe":3},"minecraft:crafted":{"mores:amethyst_chestplate":1,"minecraft:oak_planks":80,"minecraft:cooked_chicken":1,"minecraft:furnace":2,"minecraft:cooked_mutton":4,"mores:amethyst_pickaxe":1,"minecraft:stone_pickaxe":4,"minecraft:cooked_beef":6,"minecraft:crafting_table":6,"minecraft:wooden_pickaxe":3,"spartanshields:stone_basic_shield":2,"minecraft:bucket":1,"minecraft:stone_axe":3,"minecraft:air":0,"minecraft:oak_boat":1,"minecraft:stick":32,"minecraft:iron_ingot":24,"minecraft:iron_pickaxe":1,"spartanshields:wooden_basic_shield":2,"minecraft:torch":56},"minecraft:broken":{"minecraft:stone_pickaxe":2,"spartanshields:stone_basic_shield":1,"minecraft:stone_axe":1},"minecraft:used":{"mores:amethyst_chestplate":1,"minecraft:cooked_chicken":1,"minecraft:torch":29,"minecraft:dirt":7,"minecraft:milk_bucket":1,"minecraft:lava_bucket":28,"mores:amethyst_pickaxe":118,"minecraft:stone_bricks":1,"minecraft:magma_block":6,"minecraft:furnace":5,"minecraft:cooked_beef":11,"mores:steel_chestplate":1,"minecraft:cobbled_deepslate":1,"minecraft:cooked_mutton":13,"minecraft:diorite":2,"minecraft:stone_pickaxe":365,"minecraft:wooden_pickaxe":47,"minecraft:crafting_table":14,"spartanshields:stone_basic_shield":37,"minecraft:stone_axe":159,"minecraft:chiseled_stone_bricks":1,"minecraft:cobblestone":44,"minecraft:cooked_porkchop":3,"minecraft:andesite":2,"minecraft:bucket":29,"minecraft:oak_boat":2},"minecraft:mined":{"minecraft:large_amethyst_bud":3,"minecraft:granite":8,"minecraft:budding_amethyst":2,"minecraft:grass_block":14,"spore:growths_small":1,"minecraft:chiseled_stone_bricks":2,"minecraft:magma_block":6,"mores:deepslate_tourmaline_ore":5,"minecraft:furnace":4,"minecraft:iron_ore":40,"minecraft:fire":6,"minecraft:andesite":7,"mores:deepslate_cobalt_ore":4,"minecraft:deepslate_iron_ore":56,"minecraft:small_amethyst_bud":3,"minecraft:stone":148,"minecraft:deepslate_redstone_ore":1,"mores:cobalt_ore":8,"minecraft:red_bed":1,"minecraft:medium_amethyst_bud":3,"minecraft:amethyst_cluster":4,"mores:deepslate_anthracite_ore":11,"spore:growths_big":1,"minecraft:crafting_table":11,"minecraft:stone_slab":1,"minecraft:tall_grass":3,"minecraft:cobblestone":5,"minecraft:deepslate_gold_ore":8,"minecraft:diorite":14,"mores:tin_ore":12,"minecraft:wall_torch":1,"evilcraft:dark_ore_deepslate":9,"mores:deepslate_tin_ore":6,"minecraft:orange_tulip":1,"minecraft:grass":23,"minecraft:oak_log":24,"minecraft:coal_ore":69,"minecraft:sand":3,"minecraft:gravel":4,"minecraft:dirt":40,"mores:silver_ore":1,"minecraft:stone_bricks":1,"mores:deepslate_silver_ore":2,"mores:deepslate_topaz_ore":1,"minecraft:oak_leaves":10,"minecraft:deepslate":25},"minecraft:custom":{"minecraft:mob_kills":51,"minecraft:interact_with_crafting_table":28,"minecraft:leave_game":7,"minecraft:time_since_death":10014,"minecraft:sprint_one_cm":201770,"minecraft:walk_one_cm":223952,"minecraft:damage_blocked_by_shield":1745,"minecraft:drop":26,"minecraft:play_time":96080,"minecraft:deaths":7,"minecraft:sneak_time":7976,"minecraft:walk_under_water_one_cm":30968,"minecraft:boat_one_cm":41760,"minecraft:jump":1758,"minecraft:walk_on_water_one_cm":17442,"minecraft:total_world_time":96080,"minecraft:interact_with_furnace":34,"spartanshields:shield_bash_hits":6,"minecraft:time_since_rest":10045,"minecraft:damage_taken":4374,"minecraft:damage_dealt":6980,"minecraft:swim_one_cm":60649,"minecraft:fly_one_cm":313583,"minecraft:open_chest":6,"minecraft:crouch_one_cm":18854,"minecraft:fall_one_cm":39660},"minecraft:killed":{"deadland:climber":1,"spore:braiomil":2,"minecraft:skeleton":4,"minecraft:chicken":3,"minecraft:pig":2,"spore:inf_wanderer":1,"spore:scamper":1,"spore:inf_pillager":1,"minecraft:sheep":11,"minecraft:zombie":8,"spore:inf_human":3,"deadland:burningbody":1,"spore:knight":2,"minecraft:cow":9}},"DataVersion":3465}