{"stats":{"minecraft:picked_up":{"minecraft:cocoa_beans":5,"minecraft:flower_pot":1,"minecraft:wither_rose":1,"graveyard:small_light_gray_urn":1,"minecraft:gunpowder":6,"minecraft:wither_skeleton_skull":1,"minecraft:string":26,"minecraft:name_tag":1,"minecraft:bone":18,"graveyard:corruption":15,"minecraft:bow":3,"minecraft:waxed_weathered_copper":1,"minecraft:cobweb":16,"spore:mutated_fiber":9,"minecraft:smooth_quartz":1,"minecraft:moss_block":1,"minecraft:waxed_exposed_copper":2,"minecraft:book":57,"spore:cerebrum":1,"minecraft:raw_iron":4,"minecraft:polished_deepslate_slab":1,"minecraft:copper_ingot":4,"graveyard:bone_dagger":1,"minecraft:amethyst_shard":37,"minecraft:spruce_log":2,"minecraft:purple_candle":3,"minecraft:arrow":9,"minecraft:honey_bottle":2,"minecraft:rotten_flesh":14,"minecraft:waxed_oxidized_cut_copper_stairs":1,"minecraft:cracked_polished_blackstone_bricks":1,"graveyard:small_brown_urn":2,"graveyard:gray_urn":1,"minecraft:bone_meal":6,"minecraft:white_concrete":4,"minecraft:stripped_dark_oak_log":3,"minecraft:glow_berries":1,"minecraft:iron_bars":3,"minecraft:coal":1,"minecraft:bone_block":14},"minecraft:crafted":{"minecraft:cooked_beef":8,"mores:amethyst_chestplate":1,"mores:amethyst_boots":1,"minecraft:crafting_table":1,"minecraft:spruce_planks":8,"minecraft:bone_meal":36,"mores:amethyst_leggings":1,"mores:amethyst_pickaxe":1,"minecraft:stick":8,"minecraft:wooden_axe":1,"mores:amethyst_helmet":1,"minecraft:dark_oak_planks":4,"mores:amethyst_battleaxe":1},"minecraft:used":{"minecraft:leather_leggings":1,"minecraft:waxed_weathered_copper":1,"minecraft:leather_chestplate":1,"mores:amethyst_battleaxe":112,"minecraft:waxed_exposed_copper":2,"minecraft:ancient_debris":1,"graveyard:small_light_gray_urn":1,"minecraft:crafting_table":1,"minecraft:wooden_axe":25,"graveyard:gray_urn":1,"mores:amethyst_pickaxe":48,"minecraft:waxed_oxidized_cut_copper_stairs":1,"minecraft:cooked_beef":4},"minecraft:custom":{"minecraft:interact_with_furnace":1,"minecraft:mob_kills":39,"minecraft:interact_with_crafting_table":2,"minecraft:open_barrel":43,"minecraft:leave_game":1,"minecraft:time_since_death":24942,"minecraft:climb_one_cm":890,"minecraft:time_since_rest":24942,"minecraft:sprint_one_cm":23613,"minecraft:damage_taken":749,"minecraft:walk_one_cm":100854,"minecraft:drop":29,"minecraft:damage_dealt":7097,"minecraft:swim_one_cm":3082,"minecraft:fly_one_cm":10666,"minecraft:open_chest":5,"minecraft:crouch_one_cm":3199,"minecraft:play_time":24942,"minecraft:sneak_time":729,"minecraft:walk_under_water_one_cm":49,"minecraft:jump":119,"minecraft:walk_on_water_one_cm":1463,"minecraft:total_world_time":24942},"minecraft:killed":{"minecraft:cave_spider":5,"spore:inf_villager":1,"graveyard:acolyte":15,"minecraft:zombie":2,"spore:inf_human":5,"minecraft:stray":4,"spore:inf_witch":3,"spore:inf_husk":2},"minecraft:dropped":{"minecraft:cocoa_beans":5,"minecraft:raw_iron":4,"minecraft:stripped_dark_oak_log":2,"minecraft:rotten_flesh":9,"minecraft:wither_skeleton_skull":1,"minecraft:cobweb":13,"graveyard:small_brown_urn":2,"minecraft:flower_pot":1,"minecraft:wooden_axe":1,"minecraft:smooth_quartz":1,"minecraft:white_concrete":4,"minecraft:bone_block":4,"minecraft:amethyst_shard":4,"minecraft:iron_bars":3,"minecraft:arrow":9,"minecraft:bow":3,"minecraft:purple_candle":6,"minecraft:string":19,"minecraft:dark_oak_planks":1},"minecraft:mined":{"minecraft:potted_wither_rose":1,"graveyard:gray_urn":1,"minecraft:stripped_dark_oak_log":3,"graveyard:small_light_gray_urn":2,"minecraft:dead_bush":1,"minecraft:cracked_polished_blackstone_bricks":2,"graveyard:tg_deepslate":3,"minecraft:white_concrete":4,"graveyard:skeleton_hand":2,"graveyard:lying_skeleton":1,"minecraft:moss_block":1,"minecraft:iron_door":1,"minecraft:waxed_weathered_copper":2,"minecraft:spawner":1,"minecraft:large_fern":1,"minecraft:polished_blackstone_bricks":2,"graveyard:vase_block":4,"graveyard:tg_moss_block":1,"minecraft:waxed_oxidized_cut_copper_stairs":1,"minecraft:spruce_log":2,"minecraft:mangrove_leaves":1,"graveyard:creeper_skeleton":1,"minecraft:bookshelf":19,"minecraft:polished_deepslate_slab":1,"minecraft:iron_bars":5,"minecraft:smooth_quartz":2,"graveyard:small_brown_urn":2,"minecraft:waxed_exposed_copper":3,"minecraft:polished_andesite":1,"minecraft:bone_block":10,"minecraft:iron_trapdoor":1,"minecraft:fern":1}},"DataVersion":3465}