{"stats":{"minecraft:killed":{"minecraft:husk":1,"deadland:smoker":1},"minecraft:mined":{"minecraft:hay_block":22,"minecraft:glass_pane":2,"minecraft:red_bed":2,"minecraft:dried_kelp_block":1},"minecraft:used":{"minecraft:bread":11,"mores:bronze_apple":1,"minecraft:rotten_flesh":1},"minecraft:dropped":{"minecraft:iron_sword":1},"minecraft:crafted":{"minecraft:wheat":189},"minecraft:picked_up":{"minecraft:wheat_seeds":5,"minecraft:hay_block":21,"minecraft:iron_sword":1,"minecraft:red_bed":1},"minecraft:custom":{"minecraft:open_barrel":13,"minecraft:time_since_rest":0,"minecraft:open_chest":14,"minecraft:deaths":1,"minecraft:play_time":17732,"minecraft:sprint_one_cm":45705,"minecraft:damage_taken":819,"minecraft:walk_one_cm":91350,"minecraft:sneak_time":32,"minecraft:walk_under_water_one_cm":801,"minecraft:mob_kills":2,"minecraft:drop":1,"minecraft:jump":1144,"minecraft:damage_dealt":304,"minecraft:leave_game":1,"minecraft:time_since_death":0,"minecraft:walk_on_water_one_cm":378,"minecraft:sleep_in_bed":1,"minecraft:total_world_time":17732,"minecraft:climb_one_cm":1542,"minecraft:swim_one_cm":1591,"minecraft:fall_one_cm":5401,"minecraft:fly_one_cm":110607}},"DataVersion":3465}