{"stats":{"minecraft:killed_by":{"minecraft:player":1},"minecraft:used":{"minecraft:cracked_deepslate_bricks":3,"mores:tin_axe":81,"minecraft:oak_planks":5,"mores:tin_pickaxe":3,"minecraft:green_bed":4,"minecraft:rotten_flesh":1,"minecraft:sand":4,"minecraft:crafting_table":1,"minecraft:light_blue_wool":2,"minecraft:black_wool":1,"minecraft:apple":2,"mores:steel_battleaxe":18,"minecraft:bread":11,"minecraft:light_blue_bed":1,"minecraft:stone_axe":39,"minecraft:beef":3,"minecraft:furnace":1,"mores:bronze_apple":1,"minecraft:oak_boat":1},"minecraft:killed":{"minecraft:husk":1,"minecraft:pig":5,"spore:inf_player":2,"minecraft:salmon":8,"deadland:smoker":1,"minecraft:chicken":1,"spore:inf_husk":1,"minecraft:cow":1},"minecraft:crafted":{"minecraft:oak_planks":160,"mores:tin_pickaxe":2,"minecraft:crafting_table":1,"minecraft:wooden_pickaxe":1,"minecraft:furnace":1,"minecraft:stone_axe":2,"mores:steel_battleaxe":1,"minecraft:oak_boat":1,"mores:tin_ingot":26,"minecraft:stick":8,"mores:tin_axe":1,"minecraft:wheat":189},"minecraft:dropped":{"minecraft:iron_sword":1,"minecraft:string":2},"minecraft:broken":{"mores:tin_axe":1},"minecraft:mined":{"minecraft:light_blue_wool":2,"minecraft:glass_pane":2,"minecraft:red_bed":2,"minecraft:gray_stained_glass":1,"minecraft:dried_kelp_block":1,"minecraft:hay_block":22,"minecraft:light_blue_bed":1,"minecraft:birch_log":7,"minecraft:oak_log":65,"minecraft:dirt":1,"minecraft:cobweb":2,"minecraft:gray_carpet":2,"minecraft:oak_leaves":20,"minecraft:green_bed":4},"minecraft:custom":{"minecraft:interact_with_furnace":7,"minecraft:mob_kills":20,"minecraft:interact_with_crafting_table":9,"minecraft:open_barrel":13,"minecraft:leave_game":1,"minecraft:time_since_death":3510,"minecraft:sleep_in_bed":2,"minecraft:climb_one_cm":1542,"minecraft:time_since_rest":3554,"minecraft:sprint_one_cm":193290,"minecraft:damage_taken":4847,"minecraft:walk_one_cm":189980,"minecraft:drop":3,"minecraft:damage_dealt":2465,"minecraft:swim_one_cm":17728,"minecraft:fly_one_cm":374148,"minecraft:open_chest":46,"minecraft:crouch_one_cm":63,"minecraft:play_time":59094,"minecraft:deaths":14,"minecraft:sneak_time":187,"minecraft:walk_under_water_one_cm":18922,"minecraft:boat_one_cm":20970,"minecraft:jump":2152,"minecraft:walk_on_water_one_cm":5893,"minecraft:total_world_time":59094,"minecraft:fall_one_cm":38356},"minecraft:picked_up":{"minecraft:birch_log":36,"minecraft:feather":2,"minecraft:chicken":5,"minecraft:flower_pot":1,"minecraft:salmon":7,"graveyard:dark_iron_ingot":2,"minecraft:wooden_pickaxe":2,"minecraft:enchanted_book":3,"minecraft:wither_rose":8,"mores:sterling_leggings":1,"minecraft:oak_log":170,"minecraft:tuff":13,"evilcraft:flesh_humanoid":4,"minecraft:gunpowder":27,"minecraft:dirt":2,"minecraft:string":2,"minecraft:red_bed":1,"mores:tourmaline_gem":4,"minecraft:bone":64,"minecraft:apple":3,"minecraft:gray_carpet":2,"graveyard:corruption":6,"minecraft:wheat_seeds":5,"minecraft:raw_gold":18,"minecraft:beef":3,"minecraft:iron_ingot":2,"minecraft:stone_pickaxe":1,"minecraft:cobweb":48,"spore:mutated_fiber":4,"minecraft:enchanted_golden_apple":1,"minecraft:iron_sword":1,"minecraft:oak_planks":118,"minecraft:egg":8,"mores:tin_pickaxe":4,"minecraft:stick":14,"minecraft:raw_iron":15,"mores:tin_axe":5,"spore:armor_fragment":4,"minecraft:torch":1,"minecraft:green_bed":4,"minecraft:porkchop":30,"mores:steel_battleaxe":2,"minecraft:amethyst_shard":13,"mores:emerald_battleaxe":1,"mores:topaz_gem":2,"minecraft:light_blue_bed":1,"cardiac:life_bottle":5,"mores:tin_ingot":51,"spore:claw_fragment":6,"mores:emerald_pickaxe":1,"minecraft:light_blue_wool":2,"minecraft:stone_axe":2,"evilcraft:broom":1,"minecraft:deepslate_bricks":6,"minecraft:hay_block":21,"minecraft:bone_meal":2,"minecraft:golden_apple":1,"minecraft:gold_ingot":8,"minecraft:emerald":8,"minecraft:bread":10,"minecraft:oak_sapling":6,"mores:raw_silver":8,"minecraft:coal":40,"minecraft:cobblestone":36,"minecraft:ender_pearl":2}},"DataVersion":3465}