{"stats":{"minecraft:broken":{"minecraft:wooden_shovel":16,"minecraft:wooden_pickaxe":1,"minecraft:stone_pickaxe":2,"minecraft:stone_axe":1,"mores:tin_axe":1,"minecraft:stone_shovel":3},"minecraft:custom":{"minecraft:mob_kills":71,"minecraft:interact_with_crafting_table":48,"minecraft:open_barrel":13,"minecraft:leave_game":6,"minecraft:time_since_death":3872,"minecraft:climb_one_cm":1630,"minecraft:sprint_one_cm":615854,"minecraft:walk_one_cm":597855,"minecraft:drop":11,"minecraft:damage_dealt_absorbed":39,"minecraft:play_time":397978,"minecraft:sneak_time":95303,"minecraft:deaths":78,"minecraft:walk_under_water_one_cm":62363,"minecraft:boat_one_cm":105030,"minecraft:jump":5875,"minecraft:walk_on_water_one_cm":91621,"minecraft:total_world_time":397978,"minecraft:interact_with_furnace":17,"minecraft:sleep_in_bed":11,"minecraft:time_since_rest":3894,"minecraft:damage_taken":26930,"minecraft:trigger_trapped_chest":42,"minecraft:damage_dealt":9050,"minecraft:swim_one_cm":91676,"minecraft:fly_one_cm":1981756,"minecraft:open_chest":59,"minecraft:crouch_one_cm":354470,"minecraft:fall_one_cm":208450},"minecraft:killed_by":{"minecraft:player":3,"spore:usurper":5,"spore:inf_evoker":1,"spore:inf_husk":1,"spore:braiomil":1,"spore:umarmed":1,"spore:howitzer":4},"minecraft:used":{"spore:cdu":12,"mores:stone_battleaxe":64,"minecraft:cracked_deepslate_bricks":3,"mores:tin_axe":81,"minecraft:stone_shovel":456,"mores:tin_pickaxe":3,"minecraft:chest":5,"minecraft:spruce_planks":2,"minecraft:stone":3,"minecraft:wooden_shovel":1024,"celestisynth:aquaflora":9,"minecraft:rotten_flesh":1,"minecraft:torch":62,"minecraft:dirt":756,"l2weaponry:spear_of_winter_storm":22,"mores:silver_pickaxe":3,"minecraft:snowball":66,"mores:tin_ore":1,"minecraft:wooden_axe":18,"mores:steel_battleaxe":38,"minecraft:grass_block":568,"minecraft:light_blue_bed":1,"mores:amethyst_pickaxe":5,"securitycraft:sentry":1,"l2weaponry:netherite_battle_axe":14,"minecraft:beef":4,"minecraft:furnace":2,"mores:bronze_apple":1,"minecraft:trapped_chest":4,"minecraft:cobbled_deepslate":1,"minecraft:water_bucket":17,"celestisynth:breezebreaker":20,"minecraft:snow_block":56,"minecraft:oak_planks":33,"minecraft:stone_pickaxe":397,"minecraft:wooden_pickaxe":127,"minecraft:blue_bed":1,"minecraft:green_bed":4,"minecraft:jungle_boat":2,"elevatorid:elevator_white":9,"minecraft:dark_oak_trapdoor":3,"minecraft:sand":4,"minecraft:crafting_table":14,"minecraft:red_bed":1,"minecraft:light_blue_wool":2,"minecraft:white_bed":3,"minecraft:black_bed":2,"minecraft:oak_log":1,"minecraft:black_wool":1,"minecraft:apple":4,"minecraft:chicken":1,"minecraft:bread":11,"minecraft:stone_axe":214,"minecraft:cobblestone":99,"minecraft:cooked_porkchop":3,"minecraft:oak_boat":2},"minecraft:killed":{"minecraft:skeleton":1,"spore:griefer":1,"minecraft:chicken":2,"spore:usurper":1,"minecraft:husk":1,"minecraft:pig":5,"spore:inf_player":4,"minecraft:zombie_villager":2,"minecraft:salmon":8,"spore:scamper":2,"deadland:smoker":1,"spore:umarmed":2,"spore:inf_pillager":4,"spore:specter":1,"spore:inf_villager":6,"spore:mound":1,"spore:inf_human":15,"minecraft:zombie":2,"spore:inf_witch":1,"spore:howler":2,"spore:inf_husk":2,"spore:slasher":1,"minecraft:cow":2},"minecraft:crafted":{"minecraft:oak_planks":1108,"minecraft:stone_shovel":4,"mores:tin_pickaxe":2,"minecraft:furnace":2,"mores:steel_battleaxe":1,"mores:stone_battleaxe":1,"mores:tin_ingot":26,"minecraft:stone_pickaxe":5,"mores:tin_axe":1,"minecraft:wheat":189,"minecraft:cooked_beef":2,"mores:silver_ingot":6,"minecraft:wooden_shovel":19,"minecraft:cooked_porkchop":3,"minecraft:crafting_table":12,"minecraft:spruce_planks":128,"minecraft:jungle_boat":1,"minecraft:wooden_pickaxe":4,"minecraft:stone_axe":2,"minecraft:air":0,"minecraft:jungle_planks":12,"mores:silver_pickaxe":1,"minecraft:oak_boat":2,"minecraft:diamond_pickaxe":1,"minecraft:stick":156,"minecraft:wooden_axe":2,"minecraft:torch":72},"minecraft:picked_up":{"minecraft:wooden_axe":1,"spore:mutated_heart":18,"minecraft:crafting_table":4,"minecraft:chicken":6,"minecraft:flower_pot":1,"graveyard:dark_iron_ingot":2,"minecraft:wooden_pickaxe":4,"minecraft:enchanted_book":3,"minecraft:wither_rose":8,"mores:stone_battleaxe":3,"spore:sickle_fragment":1,"spore:innards":6,"minecraft:string":2,"minecraft:red_bed":1,"mores:tourmaline_gem":4,"spore:corrosive_sack":13,"graveyard:corruption":6,"spore:ice_canister":58,"minecraft:spruce_planks":54,"minecraft:beef":6,"minecraft:wooden_shovel":5,"minecraft:enchanted_golden_apple":1,"minecraft:birch_sapling":15,"minecraft:egg":20,"mores:tin_pickaxe":4,"spore:tumor":15,"minecraft:stick":317,"minecraft:raw_iron":80,"minecraft:torch":259,"minecraft:green_bed":4,"minecraft:porkchop":30,"mores:emerald_battleaxe":1,"mores:topaz_gem":2,"spore:biomass":4,"celestisynth:aquaflora":1,"minecraft:light_blue_bed":1,"cardiac:life_bottle":5,"mores:raw_tin":230,"mores:emerald_pickaxe":1,"minecraft:arrow":4,"minecraft:stone_shovel":4,"minecraft:rotten_flesh":2,"minecraft:light_blue_wool":2,"minecraft:deepslate_bricks":8,"minecraft:hay_block":21,"l2weaponry:spear_of_winter_storm":1,"minecraft:gold_ingot":15,"spore:alveolic_sack":6,"spore:tendons":22,"minecraft:snowball":598,"minecraft:cobblestone":897,"minecraft:birch_log":159,"spore:cdu":6,"minecraft:pink_petals":12,"spore:altered_spleen":2,"minecraft:jungle_boat":1,"minecraft:feather":6,"minecraft:cooked_beef":8,"minecraft:salmon":7,"minecraft:jungle_log":3,"minecraft:black_bed":1,"mores:sterling_leggings":1,"minecraft:tuff":13,"minecraft:oak_log":318,"evilcraft:flesh_humanoid":19,"minecraft:gunpowder":30,"mores:silver_pickaxe":4,"minecraft:dirt":2001,"securitycraft:sentry":2,"minecraft:bone":77,"minecraft:acacia_planks":23,"minecraft:apple":10,"minecraft:gray_carpet":2,"minecraft:wheat_seeds":8,"minecraft:raw_gold":18,"minecraft:rabbit_hide":1,"minecraft:iron_ingot":2,"minecraft:stone_pickaxe":12,"minecraft:cobweb":48,"spore:mutated_fiber":314,"minecraft:iron_sword":1,"minecraft:oak_planks":1681,"elevatorid:elevator_white":1,"spore:cerebrum":17,"mores:tin_axe":5,"spore:armor_fragment":94,"minecraft:sand":2,"mores:steel_battleaxe":6,"minecraft:amethyst_shard":13,"minecraft:spruce_sapling":4,"minecraft:white_bed":3,"minecraft:spruce_log":34,"minecraft:trapped_chest":1,"mores:tin_ingot":51,"spore:claw_fragment":105,"minecraft:diamond":3,"minecraft:stone_axe":6,"evilcraft:broom":1,"minecraft:bone_meal":2,"minecraft:golden_apple":1,"minecraft:emerald":11,"minecraft:bread":10,"spore:spine_fragment":10,"minecraft:oak_sapling":50,"mores:raw_silver":44,"minecraft:coal":404,"minecraft:ender_pearl":2},"minecraft:dropped":{"minecraft:iron_sword":1,"elevatorid:elevator_white":1,"minecraft:dirt":3,"minecraft:red_bed":1,"l2weaponry:spear_of_winter_storm":1,"minecraft:string":2,"spore:mutated_fiber":3,"minecraft:wooden_pickaxe":1},"minecraft:mined":{"spore:wall_growths_big":1,"minecraft:white_bed":2,"minecraft:light_blue_wool":2,"minecraft:grass_block":662,"minecraft:jungle_log":3,"spore:rotten_branch":1,"minecraft:spruce_leaves":17,"spore:acid":1,"spore:rotten_bush":3,"spore:growths_small":2,"spore:frozen_remains":1,"minecraft:hay_block":22,"spore:rotten_log":4,"minecraft:iron_ore":13,"minecraft:snow":74,"spore:cdu":1,"spore:growth_mycelium":2,"minecraft:dirt_path":24,"minecraft:vine":1,"minecraft:packed_ice":4,"spore:biomass_bulb":1,"minecraft:stone":350,"minecraft:green_bed":4,"minecraft:glass_pane":2,"minecraft:red_bed":2,"minecraft:snow_block":29,"minecraft:powder_snow":63,"minecraft:crafting_table":2,"minecraft:torch":6,"minecraft:emerald_ore":1,"minecraft:gray_stained_glass":1,"minecraft:cobblestone":8,"minecraft:dried_kelp_block":1,"mores:tin_ore":11,"minecraft:wall_torch":1,"minecraft:pink_petals":1,"minecraft:light_blue_bed":1,"spore:bloomfung2":1,"minecraft:birch_log":40,"minecraft:lilac":1,"minecraft:spruce_log":32,"minecraft:birch_leaves":12,"minecraft:grass":9,"minecraft:mycelium":41,"minecraft:oak_log":199,"minecraft:coal_ore":89,"minecraft:sand":2,"minecraft:dirt":989,"mores:silver_ore":12,"minecraft:gray_carpet":2,"minecraft:cobweb":2,"minecraft:oak_leaves":68,"spore:remains":1}},"DataVersion":3465}