{"stats":{"minecraft:broken":{"minecraft:wooden_shovel":16,"minecraft:stone_pickaxe":2,"minecraft:stone_axe":2,"mores:tin_axe":1,"minecraft:wooden_axe":1,"minecraft:stone_shovel":3,"mores:stone_battleaxe":1,"minecraft:wooden_pickaxe":1},"minecraft:custom":{"minecraft:interact_with_crafting_table":69,"minecraft:open_barrel":13,"minecraft:leave_game":12,"minecraft:time_since_death":21,"minecraft:sprint_one_cm":755592,"minecraft:drop":36,"minecraft:play_time":468120,"minecraft:deaths":80,"minecraft:jump":6983,"minecraft:walk_on_water_one_cm":101816,"minecraft:interact_with_furnace":40,"minecraft:sleep_in_bed":15,"minecraft:damage_dealt":23446,"minecraft:crouch_one_cm":374336,"minecraft:mob_kills":192,"minecraft:climb_one_cm":3851,"minecraft:walk_one_cm":745808,"minecraft:damage_dealt_absorbed":39,"minecraft:sneak_time":100660,"minecraft:walk_under_water_one_cm":83264,"minecraft:boat_one_cm":105030,"minecraft:total_world_time":468120,"minecraft:time_since_rest":48,"minecraft:damage_taken":29550,"minecraft:damage_absorbed":40,"minecraft:trigger_trapped_chest":42,"minecraft:swim_one_cm":154265,"minecraft:fly_one_cm":2201695,"minecraft:open_chest":63,"minecraft:fall_one_cm":238101},"minecraft:killed_by":{"spore:scamper":1,"spore:inf_evoker":1,"spore:inf_husk":1,"spore:braiomil":1,"spore:umarmed":1,"minecraft:player":3,"spore:usurper":5,"spore:howitzer":4},"minecraft:used":{"spore:cdu":12,"mores:tin_pickaxe":3,"minecraft:chest":5,"minecraft:stone":3,"celestisynth:aquaflora":9,"minecraft:rotten_flesh":1,"l2weaponry:spear_of_winter_storm":22,"minecraft:snowball":66,"minecraft:grass_block":568,"minecraft:light_blue_bed":1,"mores:amethyst_pickaxe":5,"minecraft:furnace":4,"minecraft:stone_pickaxe":611,"minecraft:oak_planks":34,"minecraft:wooden_pickaxe":194,"minecraft:blue_bed":1,"minecraft:jungle_boat":2,"elevatorid:elevator_white":9,"minecraft:golden_apple":1,"minecraft:dark_oak_trapdoor":3,"minecraft:sand":6,"minecraft:light_blue_wool":2,"minecraft:black_bed":2,"minecraft:bread":25,"minecraft:gravel":2,"minecraft:oak_boat":2,"mores:stone_battleaxe":243,"minecraft:cracked_deepslate_bricks":3,"mores:tin_axe":81,"minecraft:stone_shovel":456,"minecraft:spruce_planks":2,"minecraft:wooden_shovel":1024,"minecraft:torch":70,"minecraft:dirt":756,"mores:silver_pickaxe":3,"mores:tin_ore":1,"minecraft:wooden_axe":87,"mores:steel_battleaxe":38,"securitycraft:sentry":1,"l2weaponry:netherite_battle_axe":14,"minecraft:beef":4,"mores:bronze_apple":1,"minecraft:trapped_chest":4,"minecraft:cobbled_deepslate":1,"minecraft:water_bucket":17,"celestisynth:breezebreaker":20,"minecraft:snow_block":56,"minecraft:birch_planks":5,"minecraft:green_bed":9,"minecraft:oak_slab":6,"minecraft:crafting_table":22,"minecraft:red_bed":1,"minecraft:white_bed":3,"minecraft:oak_log":1,"minecraft:black_wool":1,"minecraft:apple":4,"minecraft:chicken":1,"minecraft:stone_axe":326,"minecraft:cobblestone":124,"minecraft:cooked_porkchop":8,"mores:tin_battleaxe":77},"minecraft:killed":{"minecraft:skeleton":36,"minecraft:chicken":16,"minecraft:pig":17,"spore:inf_player":4,"minecraft:zombie_villager":2,"minecraft:salmon":8,"spore:scamper":2,"deadland:smoker":1,"deadland:clicker":1,"spore:umarmed":2,"minecraft:sheep":1,"spore:inf_villager":6,"spore:mound":1,"spore:inf_human":15,"minecraft:zombie":33,"deadland:burningbody":1,"spore:howler":2,"minecraft:cow":8,"minecraft:horse":2,"spore:griefer":1,"spore:usurper":1,"minecraft:husk":1,"spore:inf_pillager":4,"spore:specter":1,"spore:inf_witch":1,"spore:inf_husk":2,"spore:slasher":1},"minecraft:crafted":{"minecraft:oak_planks":1156,"mores:steel_battleaxe":1,"mores:stone_battleaxe":3,"minecraft:glass":9,"mores:tin_ingot":37,"mores:silver_ingot":6,"minecraft:oak_slab":6,"minecraft:wooden_shovel":19,"minecraft:cooked_porkchop":25,"minecraft:crafting_table":18,"minecraft:spruce_planks":128,"minecraft:jungle_boat":1,"minecraft:wooden_pickaxe":6,"mores:tin_helmet":1,"minecraft:birch_planks":20,"minecraft:diamond_pickaxe":1,"minecraft:stick":188,"mores:tin_pickaxe":2,"minecraft:stone_shovel":4,"minecraft:furnace":4,"travelersbackpack:white_sleeping_bag":1,"minecraft:stone_pickaxe":8,"mores:tin_axe":1,"minecraft:wheat":387,"minecraft:cooked_beef":11,"mores:tin_battleaxe":1,"minecraft:stone_axe":3,"minecraft:bread":66,"minecraft:air":0,"minecraft:jungle_planks":12,"mores:silver_pickaxe":1,"minecraft:oak_boat":2,"minecraft:wooden_axe":4,"minecraft:torch":84},"minecraft:picked_up":{"minecraft:wooden_axe":2,"spore:mutated_heart":18,"minecraft:black_carpet":1,"minecraft:flower_pot":1,"minecraft:enchanted_book":3,"minecraft:wither_rose":8,"mores:stone_battleaxe":4,"minecraft:string":17,"spore:innards":6,"mores:tourmaline_gem":4,"spore:corrosive_sack":13,"minecraft:spruce_planks":54,"minecraft:wooden_shovel":5,"minecraft:enchanted_golden_apple":1,"minecraft:melon_slice":64,"mores:tin_pickaxe":4,"minecraft:stick":325,"minecraft:deepslate_brick_wall":1,"minecraft:torch":260,"minecraft:green_bed":10,"minecraft:porkchop":74,"mores:emerald_battleaxe":1,"mores:topaz_gem":2,"spore:biomass":4,"celestisynth:aquaflora":1,"mores:raw_tin":254,"minecraft:rotten_flesh":92,"minecraft:light_blue_wool":2,"minecraft:snowball":598,"minecraft:cobblestone":1208,"minecraft:birch_log":164,"minecraft:pink_petals":12,"minecraft:feather":44,"minecraft:cooked_beef":8,"minecraft:jungle_log":4,"minecraft:black_bed":1,"minecraft:tuff":13,"evilcraft:flesh_humanoid":20,"minecraft:dirt":2087,"mores:silver_pickaxe":4,"securitycraft:sentry":2,"minecraft:bone":98,"minecraft:acacia_planks":23,"minecraft:wheat_seeds":9,"minecraft:raw_gold":18,"minecraft:bamboo":20,"minecraft:oak_planks":1699,"spore:cerebrum":17,"mores:tin_axe":5,"spore:armor_fragment":94,"minecraft:sand":35,"mores:steel_battleaxe":6,"minecraft:trapped_chest":1,"travelersbackpack:white_sleeping_bag":1,"spore:claw_fragment":105,"minecraft:diamond":3,"evilcraft:broom":1,"minecraft:bone_meal":2,"minecraft:golden_apple":1,"minecraft:bread":62,"minecraft:emerald":11,"spore:spine_fragment":10,"minecraft:oak_sapling":58,"mores:raw_silver":44,"minecraft:cocoa_beans":6,"minecraft:crafting_table":6,"minecraft:chicken":34,"graveyard:dark_iron_ingot":2,"minecraft:wooden_pickaxe":5,"spore:sickle_fragment":1,"minecraft:red_bed":1,"graveyard:corruption":6,"spore:ice_canister":58,"minecraft:beef":34,"minecraft:sugar_cane":64,"minecraft:birch_sapling":19,"minecraft:egg":20,"spore:tumor":15,"minecraft:raw_iron":80,"minecraft:sandstone":3,"minecraft:carrot":2,"minecraft:light_blue_bed":1,"cardiac:life_bottle":5,"mores:emerald_pickaxe":1,"minecraft:stone_shovel":4,"minecraft:arrow":33,"minecraft:deepslate_bricks":8,"minecraft:hay_block":43,"l2weaponry:spear_of_winter_storm":1,"minecraft:gold_ingot":15,"spore:alveolic_sack":6,"spore:tendons":22,"minecraft:mutton":14,"minecraft:white_wool":6,"spore:cdu":7,"spore:altered_spleen":2,"minecraft:jungle_boat":1,"minecraft:salmon":7,"minecraft:leather":26,"minecraft:birch_planks":12,"mores:sterling_leggings":1,"minecraft:oak_log":424,"minecraft:gunpowder":30,"minecraft:apple":10,"minecraft:gray_carpet":2,"minecraft:kelp":108,"minecraft:rabbit_hide":1,"minecraft:iron_ingot":2,"minecraft:stone_pickaxe":14,"minecraft:cobweb":48,"spore:mutated_fiber":320,"minecraft:iron_sword":1,"elevatorid:elevator_white":1,"minecraft:book":99,"minecraft:gravel":3,"minecraft:amethyst_shard":13,"minecraft:spruce_sapling":4,"minecraft:white_bed":3,"minecraft:spruce_log":37,"mores:tin_ingot":51,"minecraft:stone_axe":7,"evilcraft:dark_gem":16,"minecraft:coal":409,"minecraft:ender_pearl":2},"minecraft:dropped":{"minecraft:iron_sword":1,"minecraft:birch_planks":6,"elevatorid:elevator_white":1,"mores:tin_ingot":1,"minecraft:dirt":3,"minecraft:red_bed":1,"l2weaponry:spear_of_winter_storm":1,"minecraft:white_wool":2,"mores:stone_battleaxe":1,"minecraft:black_carpet":1,"minecraft:rotten_flesh":27,"minecraft:oak_planks":1,"minecraft:jungle_log":1,"minecraft:wheat_seeds":1,"minecraft:deepslate_brick_wall":1,"minecraft:cobblestone":83,"minecraft:book":33,"minecraft:stick":2,"minecraft:string":10,"spore:mutated_fiber":9,"minecraft:sandstone":3,"minecraft:wooden_pickaxe":3},"minecraft:mined":{"minecraft:white_bed":2,"minecraft:grass_block":669,"minecraft:jungle_log":5,"spore:rotten_branch":1,"spore:frozen_remains":1,"minecraft:tall_seagrass":3,"minecraft:iron_ore":13,"minecraft:fire":8,"minecraft:black_carpet":1,"spore:growth_mycelium":2,"minecraft:dirt_path":24,"minecraft:green_bed":10,"minecraft:red_bed":2,"minecraft:kelp_plant":35,"minecraft:deepslate_brick_wall":1,"minecraft:powder_snow":63,"minecraft:torch":6,"minecraft:melon":8,"minecraft:dead_bush":1,"minecraft:cobblestone":19,"minecraft:wall_torch":1,"minecraft:pink_petals":1,"minecraft:seagrass":3,"minecraft:birch_log":56,"minecraft:lilac":1,"minecraft:grass":25,"minecraft:oak_log":258,"minecraft:sand":35,"minecraft:dirt":1009,"mores:silver_ore":14,"minecraft:oak_leaves":95,"spore:remains":1,"spore:wall_growths_big":1,"minecraft:light_blue_wool":2,"minecraft:ladder":2,"minecraft:spruce_leaves":17,"minecraft:moss_block":1,"spore:rotten_bush":3,"minecraft:kelp":5,"spore:acid":1,"spore:growths_small":2,"minecraft:sandstone":3,"minecraft:hay_block":45,"spore:rotten_log":4,"minecraft:snow":74,"spore:cdu":1,"minecraft:andesite":2,"evilcraft:dark_ore":2,"minecraft:bookshelf":11,"minecraft:vine":2,"minecraft:packed_ice":4,"spore:biomass_bulb":1,"minecraft:stone":559,"minecraft:glass_pane":2,"minecraft:snow_block":29,"minecraft:crafting_table":4,"minecraft:emerald_ore":1,"minecraft:gray_stained_glass":1,"minecraft:dried_kelp_block":1,"mores:tin_ore":19,"minecraft:light_blue_bed":1,"spore:bloomfung2":1,"minecraft:spruce_log":37,"minecraft:birch_leaves":37,"minecraft:coal_ore":92,"minecraft:mycelium":41,"minecraft:cocoa":1,"minecraft:gravel":4,"minecraft:gray_carpet":2,"minecraft:cobweb":2,"minecraft:polished_andesite":1,"minecraft:fern":2}},"DataVersion":3465}