{"stats":{"minecraft:broken":{"minecraft:wooden_shovel":16,"minecraft:wooden_pickaxe":1,"minecraft:stone_pickaxe":2,"minecraft:stone_axe":1,"mores:tin_axe":1,"minecraft:stone_shovel":3},"minecraft:custom":{"minecraft:mob_kills":71,"minecraft:interact_with_crafting_table":39,"minecraft:open_barrel":13,"minecraft:leave_game":4,"minecraft:time_since_death":752,"minecraft:climb_one_cm":1630,"minecraft:sprint_one_cm":513786,"minecraft:walk_one_cm":536299,"minecraft:drop":11,"minecraft:damage_dealt_absorbed":39,"minecraft:play_time":354720,"minecraft:sneak_time":91730,"minecraft:deaths":58,"minecraft:walk_under_water_one_cm":36029,"minecraft:boat_one_cm":69885,"minecraft:jump":4889,"minecraft:walk_on_water_one_cm":54126,"minecraft:total_world_time":354720,"minecraft:interact_with_furnace":15,"minecraft:sleep_in_bed":10,"minecraft:time_since_rest":776,"minecraft:damage_taken":20585,"minecraft:trigger_trapped_chest":33,"minecraft:damage_dealt":8984,"minecraft:swim_one_cm":52921,"minecraft:fly_one_cm":1768056,"minecraft:open_chest":53,"minecraft:crouch_one_cm":346958,"minecraft:fall_one_cm":154913},"minecraft:killed_by":{"minecraft:player":3,"spore:usurper":2,"spore:inf_evoker":1,"spore:braiomil":1,"spore:umarmed":1},"minecraft:used":{"spore:cdu":12,"mores:stone_battleaxe":64,"minecraft:cracked_deepslate_bricks":3,"mores:tin_axe":81,"minecraft:stone_shovel":456,"mores:tin_pickaxe":3,"minecraft:chest":5,"minecraft:spruce_planks":2,"minecraft:stone":3,"minecraft:wooden_shovel":1024,"celestisynth:aquaflora":9,"minecraft:rotten_flesh":1,"minecraft:torch":61,"minecraft:dirt":751,"l2weaponry:spear_of_winter_storm":22,"mores:silver_pickaxe":3,"minecraft:snowball":37,"mores:tin_ore":1,"minecraft:wooden_axe":18,"mores:steel_battleaxe":38,"minecraft:grass_block":568,"minecraft:light_blue_bed":1,"mores:amethyst_pickaxe":5,"securitycraft:sentry":1,"l2weaponry:netherite_battle_axe":14,"minecraft:beef":4,"minecraft:furnace":2,"mores:bronze_apple":1,"minecraft:trapped_chest":4,"minecraft:cobbled_deepslate":1,"minecraft:water_bucket":17,"celestisynth:breezebreaker":20,"minecraft:snow_block":56,"minecraft:stone_pickaxe":397,"minecraft:oak_planks":31,"minecraft:wooden_pickaxe":97,"minecraft:blue_bed":1,"minecraft:green_bed":4,"minecraft:jungle_boat":2,"elevatorid:elevator_white":9,"minecraft:dark_oak_trapdoor":3,"minecraft:sand":4,"minecraft:crafting_table":13,"minecraft:red_bed":1,"minecraft:light_blue_wool":2,"minecraft:white_bed":3,"minecraft:black_bed":2,"minecraft:oak_log":1,"minecraft:black_wool":1,"minecraft:apple":4,"minecraft:chicken":1,"minecraft:bread":11,"minecraft:stone_axe":214,"minecraft:cobblestone":99,"minecraft:cooked_porkchop":3,"minecraft:oak_boat":1},"minecraft:killed":{"minecraft:skeleton":1,"spore:griefer":1,"minecraft:chicken":2,"spore:usurper":1,"minecraft:husk":1,"minecraft:pig":5,"spore:inf_player":4,"minecraft:zombie_villager":2,"minecraft:salmon":8,"spore:scamper":2,"deadland:smoker":1,"spore:umarmed":2,"spore:inf_pillager":4,"spore:specter":1,"spore:inf_villager":6,"spore:mound":1,"spore:inf_human":15,"minecraft:zombie":2,"spore:inf_witch":1,"spore:howler":2,"spore:inf_husk":2,"spore:slasher":1,"minecraft:cow":2},"minecraft:crafted":{"minecraft:oak_planks":968,"minecraft:stone_shovel":4,"mores:tin_pickaxe":2,"minecraft:furnace":2,"mores:steel_battleaxe":1,"mores:stone_battleaxe":1,"mores:tin_ingot":26,"minecraft:stone_pickaxe":5,"mores:tin_axe":1,"minecraft:wheat":189,"minecraft:cooked_beef":2,"mores:silver_ingot":6,"minecraft:wooden_shovel":19,"minecraft:cooked_porkchop":3,"minecraft:crafting_table":11,"minecraft:jungle_boat":1,"minecraft:spruce_planks":120,"minecraft:wooden_pickaxe":3,"minecraft:stone_axe":2,"minecraft:air":0,"minecraft:jungle_planks":12,"mores:silver_pickaxe":1,"minecraft:oak_boat":1,"minecraft:stick":136,"minecraft:wooden_axe":2,"minecraft:torch":72},"minecraft:picked_up":{"minecraft:wooden_axe":1,"spore:mutated_heart":18,"minecraft:crafting_table":4,"minecraft:chicken":6,"minecraft:flower_pot":1,"graveyard:dark_iron_ingot":2,"minecraft:wooden_pickaxe":3,"mores:stone_battleaxe":3,"minecraft:wither_rose":8,"minecraft:enchanted_book":3,"spore:sickle_fragment":1,"spore:innards":6,"minecraft:string":2,"minecraft:red_bed":1,"mores:tourmaline_gem":4,"spore:corrosive_sack":13,"graveyard:corruption":6,"spore:ice_canister":58,"minecraft:spruce_planks":54,"minecraft:beef":6,"minecraft:wooden_shovel":5,"minecraft:enchanted_golden_apple":1,"minecraft:birch_sapling":15,"minecraft:egg":20,"mores:tin_pickaxe":4,"spore:tumor":15,"minecraft:stick":294,"minecraft:raw_iron":80,"minecraft:torch":256,"minecraft:green_bed":4,"minecraft:porkchop":30,"mores:emerald_battleaxe":1,"mores:topaz_gem":2,"spore:biomass":4,"celestisynth:aquaflora":1,"minecraft:light_blue_bed":1,"cardiac:life_bottle":5,"mores:raw_tin":230,"mores:emerald_pickaxe":1,"minecraft:stone_shovel":4,"minecraft:arrow":4,"minecraft:rotten_flesh":2,"minecraft:light_blue_wool":2,"minecraft:deepslate_bricks":8,"minecraft:hay_block":21,"l2weaponry:spear_of_winter_storm":1,"minecraft:gold_ingot":8,"spore:alveolic_sack":6,"spore:tendons":22,"minecraft:snowball":374,"minecraft:cobblestone":849,"spore:cdu":5,"minecraft:birch_log":153,"minecraft:pink_petals":12,"spore:altered_spleen":2,"minecraft:jungle_boat":1,"minecraft:feather":6,"minecraft:cooked_beef":8,"minecraft:salmon":7,"minecraft:jungle_log":3,"minecraft:black_bed":1,"mores:sterling_leggings":1,"minecraft:tuff":13,"minecraft:oak_log":315,"evilcraft:flesh_humanoid":19,"minecraft:gunpowder":30,"mores:silver_pickaxe":4,"minecraft:dirt":1991,"securitycraft:sentry":2,"minecraft:bone":66,"minecraft:acacia_planks":23,"minecraft:apple":10,"minecraft:gray_carpet":2,"minecraft:wheat_seeds":8,"minecraft:raw_gold":18,"minecraft:iron_ingot":2,"minecraft:stone_pickaxe":12,"minecraft:cobweb":48,"spore:mutated_fiber":306,"minecraft:iron_sword":1,"minecraft:oak_planks":1553,"elevatorid:elevator_white":1,"spore:cerebrum":16,"mores:tin_axe":5,"spore:armor_fragment":94,"mores:steel_battleaxe":6,"minecraft:amethyst_shard":13,"minecraft:spruce_sapling":4,"minecraft:white_bed":3,"minecraft:spruce_log":30,"minecraft:trapped_chest":1,"mores:tin_ingot":51,"spore:claw_fragment":105,"minecraft:stone_axe":6,"evilcraft:broom":1,"minecraft:bone_meal":2,"minecraft:golden_apple":1,"minecraft:emerald":11,"minecraft:bread":10,"spore:spine_fragment":10,"minecraft:oak_sapling":50,"mores:raw_silver":44,"minecraft:coal":404,"minecraft:ender_pearl":2},"minecraft:dropped":{"minecraft:iron_sword":1,"elevatorid:elevator_white":1,"minecraft:dirt":3,"minecraft:red_bed":1,"l2weaponry:spear_of_winter_storm":1,"minecraft:string":2,"spore:mutated_fiber":3,"minecraft:wooden_pickaxe":1},"minecraft:mined":{"spore:wall_growths_big":1,"minecraft:white_bed":2,"minecraft:light_blue_wool":2,"minecraft:grass_block":658,"minecraft:jungle_log":3,"minecraft:spruce_leaves":17,"spore:acid":1,"spore:rotten_bush":3,"spore:growths_small":2,"minecraft:hay_block":22,"minecraft:iron_ore":13,"minecraft:snow":74,"spore:growth_mycelium":2,"minecraft:vine":1,"minecraft:dirt_path":24,"spore:biomass_bulb":1,"minecraft:stone":322,"minecraft:green_bed":4,"minecraft:glass_pane":2,"minecraft:red_bed":2,"minecraft:snow_block":29,"minecraft:powder_snow":50,"minecraft:crafting_table":2,"minecraft:torch":6,"minecraft:emerald_ore":1,"minecraft:gray_stained_glass":1,"minecraft:cobblestone":8,"minecraft:dried_kelp_block":1,"mores:tin_ore":11,"minecraft:wall_torch":1,"minecraft:pink_petals":1,"minecraft:light_blue_bed":1,"spore:bloomfung2":1,"minecraft:birch_log":33,"minecraft:lilac":1,"minecraft:spruce_log":30,"minecraft:birch_leaves":11,"minecraft:grass":6,"minecraft:coal_ore":89,"minecraft:oak_log":196,"minecraft:mycelium":41,"minecraft:dirt":986,"mores:silver_ore":12,"minecraft:gray_carpet":2,"minecraft:cobweb":2,"minecraft:oak_leaves":67,"spore:remains":1}},"DataVersion":3465}