{"stats":{"minecraft:picked_up":{"minecraft:wooden_axe":12,"spore:mutated_heart":1,"minecraft:crafting_table":15,"minecraft:chicken":1,"minecraft:brown_mushroom":17,"minecraft:wooden_pickaxe":10,"minecraft:amethyst_block":16,"minecraft:string":38,"minecraft:raw_copper":59,"mores:tourmaline_gem":2,"minecraft:activator_rail":3,"minecraft:candle":1,"minecraft:cobbled_deepslate":56,"celestisynth:lunar_stone":3,"minecraft:beef":21,"minecraft:calcite":17,"minecraft:iron_pickaxe":1,"minecraft:light_gray_wool":12,"minecraft:coal_block":8,"minecraft:birch_sapling":16,"minecraft:egg":1,"minecraft:dark_oak_sapling":2,"minecraft:stick":221,"minecraft:raw_iron":39,"minecraft:torch":23,"minecraft:porkchop":26,"mores:topaz_gem":4,"minecraft:diorite":94,"minecraft:redstone":11,"spartanshields:stone_basic_shield":1,"mores:raw_tin":20,"minecraft:arrow":17,"minecraft:rotten_flesh":17,"minecraft:glow_berries":7,"minecraft:mutton":7,"minecraft:bone_block":2,"minecraft:rail":5,"minecraft:white_wool":32,"minecraft:cobblestone":1310,"minecraft:birch_log":71,"minecraft:feather":1,"minecraft:cooked_beef":4,"minecraft:andesite":14,"minecraft:leather":18,"minecraft:red_mushroom":18,"minecraft:birch_planks":28,"minecraft:oak_log":142,"evilcraft:flesh_humanoid":36,"minecraft:gunpowder":12,"minecraft:lapis_lazuli":23,"minecraft:dirt":353,"minecraft:bone":33,"minecraft:apple":5,"minecraft:wheat_seeds":29,"minecraft:stone_pickaxe":7,"minecraft:cobweb":6,"spore:mutated_fiber":18,"minecraft:oak_planks":44,"minecraft:smooth_basalt":9,"minecraft:pumpkin":1,"minecraft:dandelion":1,"minecraft:lava_bucket":6,"minecraft:gravel":6,"minecraft:amethyst_shard":46,"mores:raw_cobalt":9,"minecraft:dark_oak_log":16,"minecraft:mossy_cobblestone":1,"graveyard:oak_coffin":1,"spore:claw_fragment":48,"minecraft:stone_axe":1,"minecraft:soul_lantern":3,"evilcraft:broom":2,"evilcraft:dark_gem":28,"minecraft:granite":28,"minecraft:mossy_cobblestone_stairs":2,"spore:spine_fragment":6,"minecraft:oak_sapling":25,"mores:raw_silver":19,"minecraft:coal":343},"minecraft:dropped":{"minecraft:birch_planks":12,"minecraft:cooked_beef":4,"minecraft:mossy_cobblestone":1,"minecraft:cobblestone":117,"minecraft:activator_rail":3,"minecraft:rail":5,"minecraft:coal_block":3,"minecraft:stick":6,"minecraft:dirt":42,"evilcraft:broom":1,"minecraft:pumpkin":1,"minecraft:mossy_cobblestone_stairs":2,"minecraft:iron_pickaxe":1,"spore:mutated_heart":1,"minecraft:dandelion":1,"spartanshields:stone_basic_shield":1,"minecraft:raw_iron":9,"minecraft:rotten_flesh":5,"minecraft:oak_planks":8,"mores:raw_cobalt":9,"evilcraft:flesh_humanoid":1,"minecraft:gunpowder":2,"minecraft:wooden_pickaxe":1,"minecraft:egg":1},"minecraft:crafted":{"mores:amethyst_chestplate":1,"minecraft:wooden_sword":1,"minecraft:oak_planks":268,"minecraft:coal":45,"minecraft:furnace":3,"minecraft:mushroom_stew":8,"minecraft:bone_meal":69,"mores:amethyst_pickaxe":1,"minecraft:stone_pickaxe":5,"minecraft:cooked_beef":3,"minecraft:crafting_table":7,"minecraft:wooden_pickaxe":3,"minecraft:bowl":8,"minecraft:birch_planks":76,"minecraft:stone_axe":3,"minecraft:air":0,"minecraft:stick":80,"minecraft:wooden_axe":3,"minecraft:stone_sword":1,"minecraft:torch":84,"mores:amethyst_battleaxe":1},"minecraft:broken":{"minecraft:stone_pickaxe":3,"minecraft:stone_axe":2,"minecraft:wooden_axe":1},"minecraft:used":{"minecraft:stone_sword":10,"mores:amethyst_battleaxe":1,"minecraft:torch":66,"minecraft:dirt":1,"minecraft:mutton":1,"minecraft:wooden_axe":77,"mores:amethyst_pickaxe":75,"evilcraft:flesh_humanoid":1,"minecraft:furnace":3,"mores:bronze_apple":1,"minecraft:cooked_beef":3,"minecraft:leather_leggings":1,"minecraft:amethyst_block":2,"cardiac:life_bottle":1,"minecraft:stone_pickaxe":431,"minecraft:oak_planks":6,"minecraft:leather_chestplate":1,"minecraft:wooden_pickaxe":67,"minecraft:leather_boots":1,"minecraft:crafting_table":14,"minecraft:mushroom_stew":3,"minecraft:apple":4,"minecraft:dark_oak_log":2,"minecraft:chicken":1,"minecraft:leather_helmet":1,"minecraft:stone_axe":331,"minecraft:wooden_sword":28,"minecraft:porkchop":2,"minecraft:cobweb":3},"minecraft:killed_by":{"spore:braiomil":1},"minecraft:mined":{"minecraft:large_amethyst_bud":2,"minecraft:tuff":5,"minecraft:light_gray_stained_glass_pane":1,"minecraft:dark_oak_leaves":42,"graveyard:gray_urn":1,"minecraft:dark_oak_log":18,"minecraft:budding_amethyst":15,"minecraft:grass_block":39,"minecraft:brown_mushroom_block":56,"minecraft:coal_block":2,"minecraft:spruce_leaves":2,"graveyard:wither_skull_with_rib_cage":1,"mores:deepslate_tourmaline_ore":2,"minecraft:iron_ore":22,"minecraft:cobbled_deepslate":1,"graveyard:leaning_wither_skeleton":1,"minecraft:andesite":14,"minecraft:pumpkin":2,"evilcraft:dark_ore":4,"minecraft:deepslate_iron_ore":8,"minecraft:small_amethyst_bud":4,"minecraft:stone":278,"minecraft:bone_block":2,"mores:cobalt_ore":9,"minecraft:medium_amethyst_bud":3,"minecraft:amethyst_cluster":3,"minecraft:soul_lantern":2,"graveyard:small_light_gray_urn":1,"minecraft:crafting_table":8,"minecraft:calcite":1,"minecraft:white_stained_glass_pane":1,"minecraft:mushroom_stem":20,"minecraft:tall_grass":16,"minecraft:copper_ore":14,"minecraft:lapis_ore":4,"minecraft:diorite":41,"mores:tin_ore":6,"minecraft:amethyst_block":15,"graveyard:oak_coffin":1,"graveyard:vase_block":1,"graveyard:wither_skeleton_hand":1,"evilcraft:dark_ore_deepslate":2,"minecraft:birch_log":55,"minecraft:birch_leaves":38,"graveyard:skull_pile":1,"minecraft:bee_nest":1,"graveyard:creeper_skeleton":1,"minecraft:grass":25,"minecraft:oak_log":90,"minecraft:coal_ore":27,"minecraft:dirt":38,"mores:silver_ore":13,"minecraft:cobweb":25,"minecraft:red_mushroom_block":82,"mores:deepslate_silver_ore":6,"mores:deepslate_topaz_ore":5,"minecraft:oak_leaves":75,"minecraft:deepslate":13},"minecraft:custom":{"minecraft:mob_kills":19,"minecraft:interact_with_crafting_table":28,"minecraft:open_barrel":8,"minecraft:leave_game":2,"minecraft:time_since_death":19308,"minecraft:climb_one_cm":328,"minecraft:sprint_one_cm":234963,"minecraft:walk_one_cm":235116,"minecraft:drop":55,"minecraft:play_time":107319,"minecraft:deaths":21,"minecraft:sneak_time":1760,"minecraft:walk_under_water_one_cm":26218,"minecraft:jump":3145,"minecraft:walk_on_water_one_cm":19340,"minecraft:total_world_time":107319,"minecraft:interact_with_furnace":9,"minecraft:time_since_rest":19339,"minecraft:damage_taken":7363,"minecraft:damage_dealt":2998,"minecraft:swim_one_cm":34355,"minecraft:fly_one_cm":465454,"minecraft:open_chest":4,"minecraft:crouch_one_cm":3809,"minecraft:fall_one_cm":51950},"minecraft:killed":{"deadland:seatedhutrian":1,"minecraft:spider":1,"minecraft:skeleton":2,"graveyard:acolyte":1,"minecraft:bee":1,"minecraft:chicken":1,"minecraft:pig":8,"deadland:clicker":1,"spore:inf_human":2,"minecraft:cow":1}},"DataVersion":3465}