{"stats":{"minecraft:picked_up":{"minecraft:wooden_axe":1,"minecraft:iron_chestplate":1,"minecraft:coarse_dirt":1,"minecraft:iron_door":1,"minecraft:leather":1,"minecraft:black_bed":2,"minecraft:nether_wart_block":11,"minecraft:dirt":1,"minecraft:string":15,"minecraft:moss_carpet":1,"minecraft:iron_leggings":1,"minecraft:armor_stand":1,"minecraft:bone":58,"graveyard:corruption":1,"graveyard:small_black_urn":1,"minecraft:cobbled_deepslate_wall":1,"minecraft:cobbled_deepslate_slab":1,"minecraft:beef":8,"minecraft:cobweb":7,"graveyard:dark_oak_coffin":1,"minecraft:smooth_quartz":3,"minecraft:moss_block":4,"minecraft:coal_block":3,"minecraft:polished_deepslate_slab":4,"graveyard:bone_dagger":1,"minecraft:polished_blackstone_bricks":6,"minecraft:amethyst_shard":7,"minecraft:redstone":13,"minecraft:spruce_log":4,"minecraft:spider_eye":3,"minecraft:leather_helmet":1,"minecraft:brown_carpet":2,"minecraft:purple_candle":3,"minecraft:arrow":2,"minecraft:pumpkin_seeds":3,"minecraft:rotten_flesh":9,"minecraft:white_concrete":3,"minecraft:mangrove_roots":2,"minecraft:mutton":10,"minecraft:bone_block":10,"minecraft:skeleton_skull":1,"minecraft:crimson_roots":5},"minecraft:crafted":{"minecraft:wooden_sword":1,"minecraft:coal":27,"minecraft:crafting_table":1,"minecraft:spruce_planks":16,"minecraft:wooden_pickaxe":1,"minecraft:bone_meal":90,"minecraft:cooked_mutton":10,"minecraft:air":0,"minecraft:stick":8,"minecraft:wooden_axe":1},"minecraft:used":{"minecraft:moss_block":4,"minecraft:cooked_mutton":10,"minecraft:wooden_pickaxe":64,"minecraft:polished_blackstone_bricks":3,"minecraft:crafting_table":1,"minecraft:black_bed":2,"minecraft:wooden_axe":12,"minecraft:smooth_quartz":3,"minecraft:nether_wart_block":7,"minecraft:wooden_sword":47,"mores:bronze_apple":1,"minecraft:white_concrete":3},"minecraft:custom":{"minecraft:interact_with_furnace":4,"minecraft:mob_kills":10,"minecraft:interact_with_crafting_table":2,"minecraft:open_barrel":18,"minecraft:leave_game":1,"minecraft:time_since_death":24887,"minecraft:climb_one_cm":3443,"minecraft:time_since_rest":24887,"minecraft:sprint_one_cm":52439,"minecraft:damage_taken":1120,"minecraft:walk_one_cm":80631,"minecraft:drop":9,"minecraft:damage_dealt":1044,"minecraft:swim_one_cm":8208,"minecraft:fly_one_cm":38057,"minecraft:open_chest":1,"minecraft:crouch_one_cm":578,"minecraft:play_time":24887,"minecraft:sneak_time":210,"minecraft:walk_under_water_one_cm":1004,"minecraft:jump":240,"minecraft:walk_on_water_one_cm":5113,"minecraft:total_world_time":24887,"minecraft:fall_one_cm":2752},"minecraft:killed":{"minecraft:cave_spider":8,"graveyard:acolyte":1,"minecraft:villager":1},"minecraft:mined":{"graveyard:tg_coarse_dirt":1,"graveyard:small_black_urn":1,"minecraft:brown_carpet":2,"minecraft:mangrove_roots":1,"minecraft:cobbled_deepslate_wall":1,"minecraft:cobbled_deepslate_slab":1,"minecraft:redstone_wire":3,"minecraft:coal_block":5,"minecraft:moss_block":5,"minecraft:iron_door":1,"minecraft:spawner":3,"minecraft:large_fern":3,"minecraft:skeleton_skull":1,"graveyard:wither_skull_with_rib_cage":1,"minecraft:polished_blackstone_bricks":3,"graveyard:wither_skeleton_hand":1,"graveyard:vase_block":3,"graveyard:skull_with_rib_cage":1,"minecraft:nether_wart_block":6,"graveyard:tg_moss_block":1,"minecraft:spruce_log":7,"graveyard:leaning_wither_skeleton":1,"minecraft:moss_carpet":2,"minecraft:black_bed":2,"graveyard:dark_oak_coffin":2,"minecraft:mangrove_leaves":1,"graveyard:skull_pile":3,"minecraft:grass":7,"minecraft:polished_deepslate_slab":1,"minecraft:smooth_quartz":4,"graveyard:leaning_skeleton":3,"minecraft:dirt":2,"minecraft:cobweb":5,"minecraft:bone_block":10},"minecraft:dropped":{"minecraft:moss_carpet":1,"minecraft:mangrove_roots":2,"minecraft:cobbled_deepslate_wall":1,"minecraft:polished_deepslate_slab":4,"minecraft:cobbled_deepslate_slab":1,"graveyard:small_black_urn":1,"minecraft:spider_eye":3,"minecraft:armor_stand":1},"minecraft:broken":{"minecraft:wooden_pickaxe":1}},"DataVersion":3465}