{"stats":{"minecraft:picked_up":{"minecraft:wooden_axe":12,"minecraft:birch_log":50,"spore:mutated_heart":1,"minecraft:crafting_table":13,"minecraft:feather":1,"minecraft:cooked_beef":4,"minecraft:chicken":1,"minecraft:andesite":14,"minecraft:leather":18,"minecraft:wooden_pickaxe":10,"minecraft:birch_planks":16,"minecraft:oak_log":137,"evilcraft:flesh_humanoid":33,"minecraft:gunpowder":10,"minecraft:amethyst_block":1,"minecraft:dirt":331,"minecraft:string":25,"minecraft:raw_copper":59,"minecraft:bone":12,"minecraft:apple":4,"minecraft:activator_rail":3,"minecraft:wheat_seeds":29,"minecraft:cobbled_deepslate":42,"celestisynth:lunar_stone":3,"minecraft:beef":21,"minecraft:stone_pickaxe":7,"spore:mutated_fiber":18,"minecraft:iron_pickaxe":1,"minecraft:light_gray_wool":12,"minecraft:birch_sapling":14,"minecraft:oak_planks":44,"minecraft:egg":1,"minecraft:stick":220,"minecraft:raw_iron":26,"minecraft:pumpkin":1,"minecraft:torch":23,"minecraft:lava_bucket":6,"minecraft:gravel":6,"minecraft:porkchop":26,"minecraft:amethyst_shard":4,"mores:raw_cobalt":3,"minecraft:diorite":93,"spartanshields:stone_basic_shield":1,"mores:raw_tin":20,"spore:claw_fragment":48,"minecraft:arrow":17,"minecraft:rotten_flesh":6,"minecraft:stone_axe":1,"evilcraft:broom":2,"evilcraft:dark_gem":5,"minecraft:granite":28,"spore:spine_fragment":6,"minecraft:glow_berries":7,"minecraft:oak_sapling":23,"mores:raw_silver":6,"minecraft:mutton":7,"minecraft:coal":339,"minecraft:rail":5,"minecraft:white_wool":32,"minecraft:cobblestone":1295},"minecraft:dropped":{"spartanshields:stone_basic_shield":1,"minecraft:cooked_beef":4,"minecraft:raw_iron":9,"minecraft:cobblestone":117,"minecraft:oak_planks":8,"minecraft:activator_rail":3,"minecraft:rail":5,"evilcraft:flesh_humanoid":1,"minecraft:dirt":38,"evilcraft:broom":1,"minecraft:pumpkin":1,"spore:mutated_heart":1,"minecraft:iron_pickaxe":1,"minecraft:egg":1},"minecraft:crafted":{"minecraft:oak_planks":248,"minecraft:crafting_table":4,"minecraft:wooden_pickaxe":2,"minecraft:furnace":2,"minecraft:bone_meal":12,"minecraft:birch_planks":28,"minecraft:stone_axe":2,"minecraft:stick":64,"minecraft:wooden_axe":2,"minecraft:stone_pickaxe":4,"minecraft:stone_sword":1,"minecraft:torch":84},"minecraft:broken":{"minecraft:stone_pickaxe":2,"minecraft:stone_axe":1},"minecraft:used":{"minecraft:stone_sword":10,"minecraft:stone_pickaxe":378,"minecraft:oak_planks":1,"minecraft:wooden_pickaxe":58,"minecraft:torch":13,"minecraft:mutton":1,"minecraft:crafting_table":8,"minecraft:wooden_axe":18,"minecraft:apple":3,"minecraft:chicken":1,"evilcraft:flesh_humanoid":1,"minecraft:stone_axe":186,"minecraft:furnace":2,"minecraft:porkchop":2,"mores:bronze_apple":1},"minecraft:mined":{"mores:cobalt_ore":3,"minecraft:amethyst_cluster":1,"minecraft:crafting_table":6,"minecraft:grass_block":29,"minecraft:tall_grass":16,"minecraft:copper_ore":14,"minecraft:diorite":41,"mores:tin_ore":5,"minecraft:amethyst_block":4,"minecraft:birch_log":38,"minecraft:iron_ore":17,"minecraft:birch_leaves":6,"minecraft:andesite":14,"minecraft:pumpkin":2,"evilcraft:dark_ore":1,"minecraft:bee_nest":1,"minecraft:grass":22,"minecraft:coal_ore":21,"minecraft:oak_log":85,"mores:silver_ore":6,"minecraft:dirt":37,"minecraft:cobweb":10,"minecraft:stone":262,"minecraft:oak_leaves":54,"minecraft:deepslate":7},"minecraft:custom":{"minecraft:interact_with_furnace":4,"minecraft:mob_kills":13,"minecraft:interact_with_crafting_table":15,"minecraft:leave_game":1,"minecraft:time_since_death":18724,"minecraft:time_since_rest":18747,"minecraft:sprint_one_cm":123292,"minecraft:damage_taken":4653,"minecraft:walk_one_cm":156067,"minecraft:drop":37,"minecraft:damage_dealt":1845,"minecraft:swim_one_cm":2746,"minecraft:fly_one_cm":222061,"minecraft:crouch_one_cm":1483,"minecraft:play_time":63051,"minecraft:deaths":13,"minecraft:sneak_time":781,"minecraft:walk_under_water_one_cm":5189,"minecraft:jump":1332,"minecraft:walk_on_water_one_cm":7176,"minecraft:total_world_time":63051,"minecraft:fall_one_cm":25325},"minecraft:killed":{"deadland:seatedhutrian":1,"minecraft:pig":8,"spore:inf_human":1,"minecraft:bee":1,"minecraft:chicken":1,"minecraft:cow":1}},"DataVersion":3465}