{"stats":{"minecraft:broken":{"minecraft:wooden_shovel":11,"minecraft:stone_axe":1,"mores:tin_axe":1,"minecraft:stone_shovel":3},"minecraft:custom":{"minecraft:mob_kills":60,"minecraft:interact_with_crafting_table":23,"minecraft:open_barrel":13,"minecraft:leave_game":2,"minecraft:time_since_death":11606,"minecraft:climb_one_cm":1630,"minecraft:sprint_one_cm":437924,"minecraft:walk_one_cm":454864,"minecraft:drop":9,"minecraft:damage_dealt_absorbed":39,"minecraft:play_time":287716,"minecraft:deaths":49,"minecraft:sneak_time":69001,"minecraft:walk_under_water_one_cm":28634,"minecraft:boat_one_cm":69885,"minecraft:jump":4255,"minecraft:walk_on_water_one_cm":31078,"minecraft:total_world_time":287716,"minecraft:interact_with_furnace":9,"minecraft:sleep_in_bed":8,"minecraft:time_since_rest":11634,"minecraft:damage_taken":17455,"minecraft:trigger_trapped_chest":18,"minecraft:damage_dealt":5189,"minecraft:swim_one_cm":40181,"minecraft:fly_one_cm":1672766,"minecraft:open_chest":52,"minecraft:crouch_one_cm":257943,"minecraft:fall_one_cm":131823},"minecraft:killed_by":{"minecraft:player":3,"spore:usurper":2,"spore:inf_evoker":1,"spore:braiomil":1},"minecraft:used":{"spore:cdu":12,"minecraft:cracked_deepslate_bricks":3,"mores:tin_axe":81,"minecraft:stone_shovel":456,"mores:tin_pickaxe":3,"minecraft:spruce_planks":2,"minecraft:chest":5,"minecraft:stone":3,"minecraft:wooden_shovel":724,"celestisynth:aquaflora":9,"minecraft:rotten_flesh":1,"minecraft:torch":44,"minecraft:dirt":617,"l2weaponry:spear_of_winter_storm":22,"minecraft:snowball":37,"mores:tin_ore":1,"minecraft:wooden_axe":15,"mores:steel_battleaxe":38,"minecraft:grass_block":568,"minecraft:light_blue_bed":1,"mores:amethyst_pickaxe":5,"securitycraft:sentry":1,"l2weaponry:netherite_battle_axe":14,"minecraft:beef":3,"minecraft:furnace":1,"mores:bronze_apple":1,"minecraft:trapped_chest":4,"minecraft:cobbled_deepslate":1,"minecraft:water_bucket":17,"celestisynth:breezebreaker":20,"minecraft:snow_block":56,"minecraft:oak_planks":30,"minecraft:wooden_pickaxe":38,"minecraft:blue_bed":1,"minecraft:green_bed":4,"minecraft:jungle_boat":2,"elevatorid:elevator_white":9,"minecraft:dark_oak_trapdoor":3,"minecraft:sand":4,"minecraft:crafting_table":9,"minecraft:red_bed":1,"minecraft:light_blue_wool":2,"minecraft:white_bed":3,"minecraft:black_bed":2,"minecraft:oak_log":1,"minecraft:black_wool":1,"minecraft:apple":4,"minecraft:bread":11,"minecraft:chicken":1,"minecraft:stone_axe":214,"minecraft:cooked_porkchop":3,"minecraft:oak_boat":1},"minecraft:killed":{"minecraft:skeleton":1,"spore:griefer":1,"minecraft:chicken":2,"minecraft:husk":1,"minecraft:pig":5,"spore:inf_player":4,"minecraft:zombie_villager":2,"minecraft:salmon":8,"spore:scamper":1,"deadland:smoker":1,"spore:inf_pillager":3,"spore:specter":1,"spore:inf_villager":6,"spore:mound":1,"minecraft:zombie":2,"spore:inf_human":14,"spore:inf_witch":1,"spore:howler":1,"spore:inf_husk":1,"minecraft:cow":1},"minecraft:crafted":{"minecraft:oak_planks":912,"minecraft:stone_shovel":4,"mores:tin_pickaxe":2,"minecraft:furnace":1,"mores:steel_battleaxe":1,"mores:tin_ingot":26,"mores:tin_axe":1,"minecraft:wheat":189,"minecraft:wooden_shovel":14,"minecraft:cooked_porkchop":3,"minecraft:crafting_table":8,"minecraft:spruce_planks":120,"minecraft:jungle_boat":1,"minecraft:wooden_pickaxe":2,"minecraft:stone_axe":2,"minecraft:air":0,"minecraft:jungle_planks":12,"minecraft:oak_boat":1,"minecraft:stick":40,"minecraft:wooden_axe":1},"minecraft:picked_up":{"minecraft:wooden_axe":1,"minecraft:crafting_table":2,"spore:mutated_heart":16,"minecraft:chicken":6,"minecraft:flower_pot":1,"graveyard:dark_iron_ingot":2,"minecraft:wooden_pickaxe":3,"minecraft:wither_rose":8,"minecraft:enchanted_book":3,"spore:innards":6,"minecraft:string":2,"minecraft:red_bed":1,"mores:tourmaline_gem":4,"spore:corrosive_sack":5,"graveyard:corruption":6,"spore:ice_canister":58,"minecraft:spruce_planks":54,"minecraft:beef":3,"minecraft:wooden_shovel":5,"minecraft:enchanted_golden_apple":1,"minecraft:birch_sapling":15,"minecraft:egg":20,"minecraft:raw_iron":15,"minecraft:stick":73,"mores:tin_pickaxe":4,"spore:tumor":14,"minecraft:green_bed":4,"minecraft:torch":5,"minecraft:porkchop":30,"mores:emerald_battleaxe":1,"spore:biomass":4,"mores:topaz_gem":2,"celestisynth:aquaflora":1,"minecraft:light_blue_bed":1,"cardiac:life_bottle":5,"mores:emerald_pickaxe":1,"minecraft:rotten_flesh":2,"minecraft:arrow":4,"minecraft:stone_shovel":4,"minecraft:light_blue_wool":2,"minecraft:deepslate_bricks":8,"minecraft:hay_block":21,"l2weaponry:spear_of_winter_storm":1,"minecraft:gold_ingot":8,"spore:alveolic_sack":6,"spore:tendons":22,"minecraft:snowball":334,"minecraft:cobblestone":67,"spore:cdu":5,"minecraft:birch_log":131,"minecraft:pink_petals":12,"minecraft:jungle_boat":1,"spore:altered_spleen":2,"minecraft:feather":6,"minecraft:jungle_log":3,"minecraft:salmon":7,"minecraft:black_bed":1,"mores:sterling_leggings":1,"minecraft:tuff":13,"minecraft:oak_log":301,"evilcraft:flesh_humanoid":19,"minecraft:gunpowder":30,"minecraft:dirt":1959,"securitycraft:sentry":2,"minecraft:bone":66,"minecraft:acacia_planks":23,"minecraft:apple":10,"minecraft:gray_carpet":2,"minecraft:wheat_seeds":8,"minecraft:raw_gold":18,"minecraft:iron_ingot":2,"minecraft:stone_pickaxe":1,"minecraft:cobweb":48,"spore:mutated_fiber":175,"minecraft:oak_planks":1553,"minecraft:iron_sword":1,"elevatorid:elevator_white":1,"spore:cerebrum":13,"mores:tin_axe":5,"spore:armor_fragment":65,"mores:steel_battleaxe":6,"minecraft:amethyst_shard":13,"minecraft:spruce_sapling":4,"minecraft:white_bed":3,"minecraft:spruce_log":30,"minecraft:trapped_chest":1,"mores:tin_ingot":51,"spore:claw_fragment":104,"minecraft:stone_axe":6,"evilcraft:broom":1,"minecraft:bone_meal":2,"minecraft:golden_apple":1,"minecraft:bread":10,"minecraft:emerald":8,"spore:spine_fragment":6,"minecraft:oak_sapling":47,"mores:raw_silver":8,"minecraft:coal":40,"minecraft:ender_pearl":2},"minecraft:dropped":{"minecraft:iron_sword":1,"elevatorid:elevator_white":1,"minecraft:dirt":1,"minecraft:red_bed":1,"l2weaponry:spear_of_winter_storm":1,"minecraft:string":2,"spore:mutated_fiber":3,"minecraft:wooden_pickaxe":1},"minecraft:mined":{"spore:wall_growths_big":1,"minecraft:white_bed":2,"minecraft:light_blue_wool":2,"minecraft:grass_block":527,"minecraft:jungle_log":3,"minecraft:spruce_leaves":17,"spore:rotten_bush":3,"spore:acid":1,"spore:growths_small":2,"minecraft:hay_block":22,"minecraft:snow":47,"spore:growth_mycelium":2,"minecraft:vine":1,"minecraft:dirt_path":2,"spore:biomass_bulb":1,"minecraft:stone":14,"minecraft:green_bed":4,"minecraft:glass_pane":2,"minecraft:red_bed":2,"minecraft:snow_block":29,"minecraft:powder_snow":28,"minecraft:torch":1,"minecraft:gray_stained_glass":1,"minecraft:dried_kelp_block":1,"minecraft:pink_petals":1,"minecraft:light_blue_bed":1,"spore:bloomfung2":1,"minecraft:birch_log":26,"minecraft:lilac":1,"minecraft:spruce_log":30,"minecraft:birch_leaves":10,"minecraft:grass":6,"minecraft:oak_log":182,"minecraft:mycelium":41,"minecraft:dirt":761,"minecraft:gray_carpet":2,"minecraft:cobweb":2,"minecraft:oak_leaves":62,"spore:remains":1}},"DataVersion":3465}