{"stats":{"minecraft:killed_by":{"minecraft:player":1},"minecraft:used":{"minecraft:cracked_deepslate_bricks":3,"mores:tin_axe":81,"minecraft:stone_shovel":262,"minecraft:oak_planks":19,"mores:tin_pickaxe":3,"minecraft:green_bed":4,"minecraft:rotten_flesh":1,"minecraft:dirt":225,"minecraft:sand":4,"minecraft:crafting_table":2,"minecraft:light_blue_wool":2,"minecraft:white_bed":2,"minecraft:black_wool":1,"minecraft:apple":4,"mores:steel_battleaxe":21,"minecraft:bread":11,"minecraft:light_blue_bed":1,"minecraft:stone_axe":214,"minecraft:beef":3,"minecraft:cooked_porkchop":3,"minecraft:furnace":1,"mores:bronze_apple":1,"minecraft:oak_boat":1},"minecraft:killed":{"minecraft:husk":1,"minecraft:pig":5,"spore:inf_player":2,"minecraft:salmon":8,"deadland:smoker":1,"minecraft:skeleton":1,"minecraft:zombie":1,"minecraft:chicken":2,"spore:inf_husk":1,"minecraft:cow":1},"minecraft:crafted":{"minecraft:stone_shovel":3,"minecraft:oak_planks":652,"mores:tin_pickaxe":2,"minecraft:cooked_porkchop":3,"minecraft:crafting_table":2,"minecraft:wooden_pickaxe":1,"minecraft:furnace":1,"minecraft:stone_axe":2,"mores:steel_battleaxe":1,"minecraft:air":0,"minecraft:oak_boat":1,"mores:tin_ingot":26,"minecraft:stick":12,"mores:tin_axe":1,"minecraft:wheat":189},"minecraft:dropped":{"minecraft:iron_sword":1,"minecraft:wooden_pickaxe":1,"minecraft:string":2},"minecraft:broken":{"minecraft:stone_axe":1,"mores:tin_axe":1,"minecraft:stone_shovel":2},"minecraft:mined":{"minecraft:white_bed":2,"minecraft:light_blue_wool":2,"minecraft:glass_pane":2,"minecraft:red_bed":2,"minecraft:grass_block":135,"minecraft:gray_stained_glass":1,"minecraft:dried_kelp_block":1,"minecraft:hay_block":22,"minecraft:light_blue_bed":1,"minecraft:birch_log":26,"minecraft:birch_leaves":2,"minecraft:grass":2,"minecraft:oak_log":181,"minecraft:dirt_path":2,"minecraft:dirt":153,"minecraft:cobweb":2,"minecraft:gray_carpet":2,"minecraft:oak_leaves":54,"minecraft:green_bed":4},"minecraft:custom":{"minecraft:interact_with_furnace":9,"minecraft:mob_kills":23,"minecraft:interact_with_crafting_table":13,"minecraft:open_barrel":13,"minecraft:leave_game":2,"minecraft:time_since_death":41021,"minecraft:sleep_in_bed":4,"minecraft:climb_one_cm":1542,"minecraft:time_since_rest":35092,"minecraft:sprint_one_cm":260212,"minecraft:damage_taken":5097,"minecraft:walk_one_cm":234291,"minecraft:drop":4,"minecraft:damage_dealt":2913,"minecraft:swim_one_cm":18999,"minecraft:fly_one_cm":434856,"minecraft:open_chest":46,"minecraft:crouch_one_cm":39892,"minecraft:play_time":96605,"minecraft:deaths":14,"minecraft:sneak_time":10369,"minecraft:walk_under_water_one_cm":19219,"minecraft:boat_one_cm":20970,"minecraft:jump":2570,"minecraft:walk_on_water_one_cm":6802,"minecraft:total_world_time":96605,"minecraft:fall_one_cm":45354},"minecraft:picked_up":{"minecraft:birch_log":55,"minecraft:feather":4,"minecraft:chicken":6,"minecraft:flower_pot":1,"minecraft:salmon":7,"graveyard:dark_iron_ingot":2,"minecraft:wooden_pickaxe":2,"minecraft:enchanted_book":3,"minecraft:wither_rose":8,"mores:sterling_leggings":1,"minecraft:oak_log":284,"minecraft:tuff":13,"evilcraft:flesh_humanoid":4,"minecraft:gunpowder":27,"minecraft:dirt":250,"minecraft:string":2,"minecraft:red_bed":1,"mores:tourmaline_gem":4,"minecraft:bone":64,"minecraft:apple":6,"minecraft:gray_carpet":2,"graveyard:corruption":6,"minecraft:wheat_seeds":6,"minecraft:raw_gold":18,"minecraft:beef":3,"minecraft:iron_ingot":2,"minecraft:stone_pickaxe":1,"minecraft:cobweb":48,"spore:mutated_fiber":4,"minecraft:enchanted_golden_apple":1,"minecraft:birch_sapling":7,"minecraft:iron_sword":1,"minecraft:oak_planks":118,"minecraft:egg":11,"mores:tin_pickaxe":4,"minecraft:stick":25,"minecraft:raw_iron":15,"mores:tin_axe":5,"spore:armor_fragment":4,"minecraft:torch":1,"minecraft:green_bed":4,"minecraft:porkchop":30,"mores:steel_battleaxe":2,"minecraft:amethyst_shard":13,"mores:emerald_battleaxe":1,"mores:topaz_gem":2,"minecraft:white_bed":2,"minecraft:light_blue_bed":1,"cardiac:life_bottle":5,"mores:tin_ingot":51,"spore:claw_fragment":6,"mores:emerald_pickaxe":1,"minecraft:arrow":2,"minecraft:light_blue_wool":2,"minecraft:stone_axe":2,"evilcraft:broom":1,"minecraft:deepslate_bricks":6,"minecraft:hay_block":21,"minecraft:bone_meal":2,"minecraft:golden_apple":1,"minecraft:gold_ingot":8,"minecraft:emerald":8,"minecraft:bread":10,"minecraft:oak_sapling":24,"mores:raw_silver":8,"minecraft:coal":40,"minecraft:cobblestone":36,"minecraft:ender_pearl":2}},"DataVersion":3465}