{"stats":{"minecraft:used":{"minecraft:cracked_deepslate_bricks":3,"mores:tin_axe":81,"minecraft:oak_planks":5,"mores:tin_pickaxe":3,"minecraft:green_bed":4,"minecraft:rotten_flesh":1,"minecraft:sand":4,"minecraft:crafting_table":1,"minecraft:light_blue_wool":2,"minecraft:black_wool":1,"minecraft:apple":2,"mores:steel_battleaxe":3,"minecraft:bread":11,"minecraft:beef":3,"mores:bronze_apple":1,"minecraft:oak_boat":1},"minecraft:killed":{"minecraft:husk":1,"minecraft:pig":4,"spore:inf_player":2,"deadland:smoker":1,"minecraft:chicken":1,"minecraft:cow":1},"minecraft:crafted":{"minecraft:oak_planks":160,"mores:tin_pickaxe":2,"minecraft:crafting_table":1,"mores:steel_battleaxe":1,"minecraft:oak_boat":1,"mores:tin_ingot":26,"minecraft:stick":4,"mores:tin_axe":1,"minecraft:wheat":189},"minecraft:dropped":{"minecraft:iron_sword":1},"minecraft:broken":{"mores:tin_axe":1},"minecraft:mined":{"minecraft:light_blue_wool":2,"minecraft:glass_pane":2,"minecraft:red_bed":2,"minecraft:gray_stained_glass":1,"minecraft:dried_kelp_block":1,"minecraft:hay_block":22,"minecraft:light_blue_bed":1,"minecraft:birch_log":7,"minecraft:oak_log":40,"minecraft:gray_carpet":2,"minecraft:oak_leaves":13,"minecraft:green_bed":4},"minecraft:custom":{"minecraft:interact_with_furnace":5,"minecraft:mob_kills":10,"minecraft:interact_with_crafting_table":5,"minecraft:open_barrel":13,"minecraft:leave_game":1,"minecraft:time_since_death":8355,"minecraft:sleep_in_bed":2,"minecraft:climb_one_cm":1542,"minecraft:time_since_rest":8380,"minecraft:sprint_one_cm":157098,"minecraft:damage_taken":3980,"minecraft:walk_one_cm":175660,"minecraft:drop":1,"minecraft:damage_dealt":1570,"minecraft:swim_one_cm":5778,"minecraft:fly_one_cm":319254,"minecraft:open_chest":39,"minecraft:crouch_one_cm":30,"minecraft:play_time":47094,"minecraft:deaths":12,"minecraft:sneak_time":145,"minecraft:walk_under_water_one_cm":12409,"minecraft:boat_one_cm":20970,"minecraft:jump":1926,"minecraft:walk_on_water_one_cm":2848,"minecraft:total_world_time":47094,"minecraft:fall_one_cm":31413},"minecraft:picked_up":{"minecraft:birch_log":36,"minecraft:feather":2,"minecraft:chicken":5,"minecraft:flower_pot":1,"graveyard:dark_iron_ingot":2,"minecraft:enchanted_book":3,"minecraft:wither_rose":8,"mores:sterling_leggings":1,"minecraft:oak_log":120,"minecraft:tuff":13,"evilcraft:flesh_humanoid":1,"minecraft:gunpowder":27,"minecraft:red_bed":1,"mores:tourmaline_gem":4,"minecraft:bone":64,"minecraft:apple":3,"minecraft:gray_carpet":2,"graveyard:corruption":6,"minecraft:wheat_seeds":5,"minecraft:raw_gold":18,"minecraft:beef":3,"minecraft:iron_ingot":2,"minecraft:stone_pickaxe":1,"minecraft:cobweb":48,"spore:mutated_fiber":4,"minecraft:enchanted_golden_apple":1,"minecraft:iron_sword":1,"minecraft:oak_planks":32,"minecraft:egg":8,"mores:tin_pickaxe":4,"minecraft:stick":6,"minecraft:raw_iron":15,"mores:tin_axe":5,"spore:armor_fragment":4,"minecraft:torch":1,"minecraft:green_bed":4,"minecraft:porkchop":27,"minecraft:amethyst_shard":13,"mores:emerald_battleaxe":1,"mores:topaz_gem":2,"minecraft:light_blue_bed":1,"cardiac:life_bottle":5,"mores:tin_ingot":51,"spore:claw_fragment":6,"mores:emerald_pickaxe":1,"minecraft:light_blue_wool":2,"evilcraft:broom":1,"minecraft:deepslate_bricks":2,"minecraft:hay_block":21,"minecraft:golden_apple":1,"minecraft:gold_ingot":8,"minecraft:emerald":8,"minecraft:bread":10,"minecraft:oak_sapling":3,"mores:raw_silver":8,"minecraft:coal":40,"minecraft:cobblestone":36,"minecraft:ender_pearl":2}},"DataVersion":3465}