{"stats":{"minecraft:broken":{"minecraft:stone_axe":1,"mores:tin_axe":1,"minecraft:stone_shovel":2},"minecraft:custom":{"minecraft:mob_kills":26,"minecraft:interact_with_crafting_table":13,"minecraft:open_barrel":13,"minecraft:leave_game":2,"minecraft:time_since_death":6302,"minecraft:climb_one_cm":1542,"minecraft:sprint_one_cm":314283,"minecraft:walk_one_cm":297212,"minecraft:drop":7,"minecraft:damage_dealt_absorbed":39,"minecraft:play_time":125716,"minecraft:deaths":38,"minecraft:sneak_time":14714,"minecraft:walk_under_water_one_cm":21042,"minecraft:boat_one_cm":20970,"minecraft:jump":2847,"minecraft:walk_on_water_one_cm":7049,"minecraft:total_world_time":125716,"minecraft:interact_with_furnace":9,"minecraft:sleep_in_bed":4,"minecraft:time_since_rest":6600,"minecraft:damage_taken":12450,"minecraft:damage_dealt":4140,"minecraft:swim_one_cm":18999,"minecraft:fly_one_cm":568089,"minecraft:open_chest":46,"minecraft:crouch_one_cm":54487,"minecraft:fall_one_cm":73478},"minecraft:killed_by":{"minecraft:player":3,"spore:usurper":2,"spore:inf_evoker":1,"spore:braiomil":1},"minecraft:used":{"spore:cdu":5,"minecraft:cracked_deepslate_bricks":3,"mores:tin_axe":81,"minecraft:stone_shovel":325,"mores:tin_pickaxe":3,"minecraft:chest":2,"minecraft:rotten_flesh":1,"minecraft:dirt":257,"mores:steel_battleaxe":38,"minecraft:light_blue_bed":1,"securitycraft:sentry":1,"minecraft:beef":3,"minecraft:furnace":1,"mores:bronze_apple":1,"minecraft:cobbled_deepslate":1,"minecraft:oak_planks":30,"minecraft:green_bed":4,"elevatorid:elevator_white":3,"minecraft:sand":4,"minecraft:crafting_table":2,"minecraft:red_bed":1,"minecraft:light_blue_wool":2,"minecraft:white_bed":3,"minecraft:black_wool":1,"minecraft:apple":4,"minecraft:bread":11,"minecraft:chicken":1,"minecraft:stone_axe":214,"minecraft:cooked_porkchop":3,"minecraft:oak_boat":1},"minecraft:killed":{"minecraft:skeleton":1,"minecraft:chicken":2,"minecraft:husk":1,"minecraft:pig":5,"spore:inf_player":2,"minecraft:salmon":8,"deadland:smoker":1,"spore:mound":1,"minecraft:zombie":1,"spore:inf_human":1,"spore:inf_husk":1,"minecraft:cow":1},"minecraft:crafted":{"minecraft:oak_planks":656,"minecraft:stone_shovel":3,"mores:tin_pickaxe":2,"minecraft:furnace":1,"mores:steel_battleaxe":1,"mores:tin_ingot":26,"mores:tin_axe":1,"minecraft:wheat":189,"minecraft:cooked_porkchop":3,"minecraft:crafting_table":2,"minecraft:wooden_pickaxe":1,"minecraft:stone_axe":2,"minecraft:air":0,"minecraft:oak_boat":1,"minecraft:stick":12},"minecraft:picked_up":{"spore:mutated_heart":7,"minecraft:chicken":6,"minecraft:flower_pot":1,"graveyard:dark_iron_ingot":2,"minecraft:wooden_pickaxe":2,"minecraft:wither_rose":8,"minecraft:enchanted_book":3,"minecraft:string":2,"minecraft:red_bed":1,"mores:tourmaline_gem":4,"spore:corrosive_sack":3,"graveyard:corruption":6,"minecraft:beef":3,"minecraft:enchanted_golden_apple":1,"minecraft:birch_sapling":14,"minecraft:egg":20,"minecraft:raw_iron":15,"minecraft:stick":51,"mores:tin_pickaxe":4,"spore:tumor":1,"minecraft:green_bed":4,"minecraft:torch":1,"minecraft:porkchop":30,"mores:emerald_battleaxe":1,"mores:topaz_gem":2,"minecraft:light_blue_bed":1,"cardiac:life_bottle":5,"mores:emerald_pickaxe":1,"minecraft:arrow":4,"minecraft:stone_shovel":4,"minecraft:light_blue_wool":2,"minecraft:deepslate_bricks":8,"minecraft:hay_block":21,"minecraft:gold_ingot":8,"minecraft:cobblestone":41,"minecraft:birch_log":131,"spore:altered_spleen":2,"minecraft:feather":6,"minecraft:salmon":7,"mores:sterling_leggings":1,"minecraft:tuff":13,"minecraft:oak_log":301,"evilcraft:flesh_humanoid":14,"minecraft:gunpowder":28,"minecraft:dirt":480,"securitycraft:sentry":2,"minecraft:bone":64,"minecraft:apple":10,"minecraft:gray_carpet":2,"minecraft:wheat_seeds":8,"minecraft:raw_gold":18,"minecraft:iron_ingot":2,"minecraft:stone_pickaxe":1,"minecraft:cobweb":48,"spore:mutated_fiber":136,"minecraft:oak_planks":1553,"minecraft:iron_sword":1,"elevatorid:elevator_white":1,"spore:cerebrum":10,"mores:tin_axe":5,"spore:armor_fragment":31,"mores:steel_battleaxe":6,"minecraft:amethyst_shard":13,"minecraft:white_bed":3,"mores:tin_ingot":51,"spore:claw_fragment":8,"minecraft:stone_axe":6,"evilcraft:broom":1,"minecraft:bone_meal":2,"minecraft:golden_apple":1,"minecraft:bread":10,"minecraft:emerald":8,"spore:spine_fragment":6,"minecraft:oak_sapling":45,"mores:raw_silver":8,"minecraft:coal":40,"minecraft:ender_pearl":2},"minecraft:dropped":{"minecraft:iron_sword":1,"elevatorid:elevator_white":1,"minecraft:dirt":1,"minecraft:string":2,"spore:mutated_fiber":3,"minecraft:wooden_pickaxe":1},"minecraft:mined":{"minecraft:white_bed":2,"minecraft:light_blue_wool":2,"minecraft:grass_block":195,"spore:acid":1,"minecraft:hay_block":22,"spore:growth_mycelium":1,"minecraft:dirt_path":2,"minecraft:green_bed":4,"minecraft:glass_pane":2,"minecraft:red_bed":2,"minecraft:gray_stained_glass":1,"minecraft:dried_kelp_block":1,"minecraft:light_blue_bed":1,"minecraft:birch_log":26,"minecraft:birch_leaves":2,"minecraft:grass":3,"minecraft:oak_log":182,"minecraft:dirt":168,"minecraft:gray_carpet":2,"minecraft:cobweb":2,"minecraft:oak_leaves":58}},"DataVersion":3465}