{"stats":{"minecraft:picked_up":{"minecraft:wooden_axe":12,"spore:mutated_heart":1,"minecraft:crafting_table":14,"minecraft:chicken":1,"minecraft:brown_mushroom":1,"minecraft:wooden_pickaxe":10,"minecraft:amethyst_block":16,"minecraft:string":25,"minecraft:raw_copper":59,"mores:tourmaline_gem":2,"minecraft:activator_rail":3,"minecraft:cobbled_deepslate":56,"celestisynth:lunar_stone":3,"minecraft:beef":21,"minecraft:calcite":17,"minecraft:iron_pickaxe":1,"minecraft:light_gray_wool":12,"minecraft:birch_sapling":16,"minecraft:egg":1,"minecraft:stick":220,"minecraft:raw_iron":39,"minecraft:torch":23,"minecraft:porkchop":26,"mores:topaz_gem":4,"minecraft:diorite":94,"minecraft:redstone":10,"spartanshields:stone_basic_shield":1,"mores:raw_tin":20,"minecraft:arrow":17,"minecraft:rotten_flesh":6,"minecraft:glow_berries":7,"minecraft:mutton":7,"minecraft:rail":5,"minecraft:white_wool":32,"minecraft:cobblestone":1310,"minecraft:birch_log":71,"minecraft:feather":1,"minecraft:cooked_beef":4,"minecraft:andesite":14,"minecraft:leather":18,"minecraft:red_mushroom":9,"minecraft:birch_planks":28,"minecraft:oak_log":142,"evilcraft:flesh_humanoid":36,"minecraft:gunpowder":10,"minecraft:lapis_lazuli":23,"minecraft:dirt":353,"minecraft:bone":13,"minecraft:apple":5,"minecraft:wheat_seeds":29,"minecraft:stone_pickaxe":7,"minecraft:cobweb":3,"spore:mutated_fiber":18,"minecraft:oak_planks":44,"minecraft:smooth_basalt":9,"minecraft:pumpkin":1,"minecraft:dandelion":1,"minecraft:lava_bucket":6,"minecraft:gravel":6,"minecraft:amethyst_shard":12,"mores:raw_cobalt":9,"minecraft:mossy_cobblestone":1,"graveyard:oak_coffin":1,"spore:claw_fragment":48,"minecraft:stone_axe":1,"evilcraft:broom":2,"evilcraft:dark_gem":28,"minecraft:granite":28,"minecraft:mossy_cobblestone_stairs":1,"spore:spine_fragment":6,"minecraft:oak_sapling":25,"mores:raw_silver":19,"minecraft:coal":343},"minecraft:dropped":{"minecraft:birch_planks":12,"minecraft:cooked_beef":4,"minecraft:cobblestone":117,"minecraft:activator_rail":3,"minecraft:rail":5,"minecraft:stick":5,"minecraft:dirt":38,"evilcraft:broom":1,"minecraft:pumpkin":1,"minecraft:iron_pickaxe":1,"spore:mutated_heart":1,"minecraft:dandelion":1,"spartanshields:stone_basic_shield":1,"minecraft:raw_iron":9,"minecraft:oak_planks":8,"mores:raw_cobalt":9,"evilcraft:flesh_humanoid":1,"minecraft:egg":1},"minecraft:crafted":{"mores:amethyst_chestplate":1,"minecraft:oak_planks":268,"minecraft:furnace":3,"minecraft:bone_meal":12,"mores:amethyst_pickaxe":1,"minecraft:stone_pickaxe":5,"minecraft:cooked_beef":3,"minecraft:crafting_table":6,"minecraft:wooden_pickaxe":3,"minecraft:birch_planks":76,"minecraft:stone_axe":3,"minecraft:air":0,"minecraft:stick":72,"minecraft:wooden_axe":3,"minecraft:stone_sword":1,"minecraft:torch":84},"minecraft:broken":{"minecraft:stone_pickaxe":3,"minecraft:stone_axe":1},"minecraft:used":{"minecraft:stone_sword":10,"minecraft:torch":66,"minecraft:dirt":1,"minecraft:mutton":1,"minecraft:wooden_axe":18,"mores:amethyst_pickaxe":75,"evilcraft:flesh_humanoid":1,"minecraft:furnace":3,"mores:bronze_apple":1,"minecraft:cooked_beef":3,"minecraft:amethyst_block":2,"minecraft:stone_pickaxe":417,"minecraft:oak_planks":6,"minecraft:wooden_pickaxe":67,"minecraft:crafting_table":12,"minecraft:apple":4,"minecraft:chicken":1,"minecraft:stone_axe":284,"minecraft:porkchop":2},"minecraft:killed_by":{"spore:braiomil":1},"minecraft:mined":{"minecraft:large_amethyst_bud":2,"minecraft:tuff":5,"minecraft:budding_amethyst":15,"minecraft:grass_block":39,"minecraft:brown_mushroom_block":3,"mores:deepslate_tourmaline_ore":2,"minecraft:iron_ore":22,"minecraft:andesite":14,"minecraft:pumpkin":2,"evilcraft:dark_ore":4,"minecraft:deepslate_iron_ore":8,"minecraft:small_amethyst_bud":4,"minecraft:stone":278,"mores:cobalt_ore":9,"minecraft:medium_amethyst_bud":3,"minecraft:amethyst_cluster":3,"minecraft:crafting_table":7,"minecraft:calcite":1,"minecraft:mushroom_stem":12,"minecraft:tall_grass":16,"minecraft:copper_ore":14,"minecraft:lapis_ore":4,"minecraft:diorite":41,"mores:tin_ore":6,"minecraft:amethyst_block":15,"graveyard:oak_coffin":1,"evilcraft:dark_ore_deepslate":2,"minecraft:birch_log":55,"minecraft:birch_leaves":38,"minecraft:bee_nest":1,"minecraft:grass":25,"minecraft:oak_log":90,"minecraft:coal_ore":27,"minecraft:dirt":38,"mores:silver_ore":13,"minecraft:cobweb":10,"minecraft:red_mushroom_block":45,"mores:deepslate_silver_ore":6,"mores:deepslate_topaz_ore":5,"minecraft:oak_leaves":63,"minecraft:deepslate":13},"minecraft:custom":{"minecraft:mob_kills":18,"minecraft:interact_with_crafting_table":23,"minecraft:leave_game":2,"minecraft:time_since_death":7308,"minecraft:sprint_one_cm":219553,"minecraft:walk_one_cm":205201,"minecraft:drop":41,"minecraft:play_time":95319,"minecraft:deaths":21,"minecraft:sneak_time":1450,"minecraft:walk_under_water_one_cm":26218,"minecraft:jump":3077,"minecraft:walk_on_water_one_cm":19340,"minecraft:total_world_time":95319,"minecraft:interact_with_furnace":9,"minecraft:time_since_rest":7339,"minecraft:damage_taken":7169,"minecraft:damage_dealt":2626,"minecraft:swim_one_cm":34355,"minecraft:fly_one_cm":454354,"minecraft:crouch_one_cm":3241,"minecraft:fall_one_cm":49674},"minecraft:killed":{"deadland:seatedhutrian":1,"minecraft:spider":1,"minecraft:skeleton":2,"minecraft:bee":1,"minecraft:chicken":1,"minecraft:pig":8,"deadland:clicker":1,"spore:inf_human":2,"minecraft:cow":1}},"DataVersion":3465}