{"stats":{"minecraft:picked_up":{"minecraft:crafting_table":14,"spore:mutated_heart":1,"minecraft:feather":1,"minecraft:cooked_beef":4,"minecraft:chicken":1,"minecraft:andesite":14,"minecraft:leather":18,"minecraft:wooden_pickaxe":10,"minecraft:birch_planks":16,"minecraft:oak_log":137,"evilcraft:flesh_humanoid":35,"minecraft:gunpowder":10,"minecraft:amethyst_block":16,"minecraft:lapis_lazuli":23,"minecraft:string":25,"minecraft:dirt":348,"minecraft:raw_copper":59,"mores:tourmaline_gem":2,"minecraft:bone":13,"minecraft:apple":5,"minecraft:activator_rail":3,"minecraft:wheat_seeds":29,"minecraft:cobbled_deepslate":56,"celestisynth:lunar_stone":3,"minecraft:beef":21,"minecraft:stone_pickaxe":7,"spore:mutated_fiber":18,"minecraft:iron_pickaxe":1,"minecraft:light_gray_wool":12,"minecraft:birch_sapling":14,"minecraft:oak_planks":44,"minecraft:egg":1,"minecraft:raw_iron":39,"minecraft:stick":220,"minecraft:pumpkin":1,"minecraft:torch":23,"minecraft:dandelion":1,"minecraft:gravel":6,"minecraft:lava_bucket":6,"minecraft:porkchop":26,"minecraft:amethyst_shard":12,"mores:raw_cobalt":9,"mores:topaz_gem":4,"minecraft:diorite":93,"spartanshields:stone_basic_shield":1,"mores:raw_tin":20,"spore:claw_fragment":48,"minecraft:arrow":17,"minecraft:rotten_flesh":6,"minecraft:stone_axe":1,"evilcraft:broom":2,"evilcraft:dark_gem":28,"minecraft:granite":28,"spore:spine_fragment":6,"minecraft:oak_sapling":23,"mores:raw_silver":19,"minecraft:white_wool":32,"minecraft:glow_berries":7,"minecraft:mutton":7,"minecraft:birch_log":60,"minecraft:coal":343,"minecraft:rail":5,"minecraft:cobblestone":1304,"minecraft:wooden_axe":12},"minecraft:dropped":{"spartanshields:stone_basic_shield":1,"minecraft:cooked_beef":4,"minecraft:raw_iron":9,"minecraft:cobblestone":117,"minecraft:oak_planks":8,"mores:raw_cobalt":9,"minecraft:activator_rail":3,"minecraft:rail":5,"evilcraft:flesh_humanoid":1,"minecraft:stick":5,"minecraft:dirt":38,"evilcraft:broom":1,"minecraft:pumpkin":1,"spore:mutated_heart":1,"minecraft:iron_pickaxe":1,"minecraft:dandelion":1,"minecraft:egg":1},"minecraft:crafted":{"minecraft:cooked_beef":3,"mores:amethyst_chestplate":1,"minecraft:oak_planks":248,"minecraft:crafting_table":4,"minecraft:wooden_pickaxe":2,"minecraft:furnace":3,"minecraft:bone_meal":12,"minecraft:birch_planks":52,"minecraft:stone_axe":2,"minecraft:air":0,"mores:amethyst_pickaxe":1,"minecraft:stick":64,"minecraft:stone_pickaxe":4,"minecraft:wooden_axe":2,"minecraft:stone_sword":1,"minecraft:torch":84},"minecraft:broken":{"minecraft:stone_pickaxe":3,"minecraft:stone_axe":1},"minecraft:used":{"minecraft:amethyst_block":2,"minecraft:stone_sword":10,"minecraft:stone_pickaxe":417,"minecraft:oak_planks":6,"minecraft:wooden_pickaxe":60,"minecraft:torch":66,"minecraft:mutton":1,"minecraft:crafting_table":10,"minecraft:wooden_axe":18,"minecraft:apple":4,"minecraft:chicken":1,"mores:amethyst_pickaxe":75,"evilcraft:flesh_humanoid":1,"minecraft:stone_axe":199,"minecraft:furnace":3,"minecraft:porkchop":2,"mores:bronze_apple":1,"minecraft:cooked_beef":3},"minecraft:killed_by":{"spore:braiomil":1},"minecraft:mined":{"minecraft:large_amethyst_bud":2,"minecraft:tuff":5,"mores:cobalt_ore":9,"minecraft:medium_amethyst_bud":3,"minecraft:amethyst_cluster":3,"minecraft:crafting_table":7,"minecraft:budding_amethyst":15,"minecraft:calcite":1,"minecraft:grass_block":35,"minecraft:copper_ore":14,"minecraft:tall_grass":16,"minecraft:lapis_ore":4,"minecraft:diorite":41,"mores:tin_ore":6,"minecraft:amethyst_block":15,"mores:deepslate_tourmaline_ore":2,"evilcraft:dark_ore_deepslate":2,"minecraft:birch_log":44,"minecraft:iron_ore":22,"minecraft:birch_leaves":6,"minecraft:andesite":14,"minecraft:pumpkin":2,"evilcraft:dark_ore":4,"minecraft:bee_nest":1,"minecraft:grass":22,"minecraft:coal_ore":27,"minecraft:oak_log":85,"minecraft:deepslate_iron_ore":8,"minecraft:small_amethyst_bud":4,"mores:silver_ore":13,"minecraft:dirt":37,"minecraft:cobweb":10,"minecraft:stone":272,"minecraft:oak_leaves":54,"minecraft:deepslate":13,"mores:deepslate_silver_ore":6,"mores:deepslate_topaz_ore":5},"minecraft:killed":{"deadland:seatedhutrian":1,"minecraft:pig":8,"minecraft:spider":1,"deadland:clicker":1,"minecraft:skeleton":2,"spore:inf_human":2,"minecraft:bee":1,"minecraft:chicken":1,"minecraft:cow":1},"minecraft:custom":{"minecraft:interact_with_furnace":9,"minecraft:mob_kills":18,"minecraft:interact_with_crafting_table":20,"minecraft:leave_game":2,"minecraft:time_since_death":2263,"minecraft:time_since_rest":2283,"minecraft:sprint_one_cm":168728,"minecraft:damage_taken":6159,"minecraft:walk_one_cm":188478,"minecraft:drop":40,"minecraft:damage_dealt":2606,"minecraft:swim_one_cm":30219,"minecraft:fly_one_cm":346803,"minecraft:crouch_one_cm":3155,"minecraft:play_time":83319,"minecraft:deaths":17,"minecraft:sneak_time":1374,"minecraft:walk_under_water_one_cm":14651,"minecraft:jump":2625,"minecraft:total_world_time":83319,"minecraft:walk_on_water_one_cm":15636,"minecraft:fall_one_cm":36960}},"DataVersion":3465}