{"stats":{"minecraft:picked_up":{"minecraft:wooden_axe":12,"minecraft:birch_log":7,"spore:mutated_heart":1,"minecraft:crafting_table":9,"minecraft:cooked_beef":4,"minecraft:andesite":14,"minecraft:leather":16,"minecraft:wooden_pickaxe":9,"minecraft:oak_log":16,"evilcraft:flesh_humanoid":33,"minecraft:gunpowder":10,"minecraft:dirt":330,"minecraft:string":15,"minecraft:raw_copper":14,"minecraft:bone":8,"minecraft:wheat_seeds":28,"minecraft:cobbled_deepslate":42,"minecraft:beef":18,"minecraft:stone_pickaxe":7,"spore:mutated_fiber":18,"minecraft:iron_pickaxe":1,"minecraft:light_gray_wool":12,"minecraft:birch_sapling":2,"minecraft:oak_planks":35,"minecraft:stick":182,"minecraft:raw_iron":9,"minecraft:torch":22,"minecraft:lava_bucket":6,"minecraft:gravel":6,"minecraft:porkchop":14,"minecraft:diorite":93,"spartanshields:stone_basic_shield":1,"spore:claw_fragment":48,"minecraft:arrow":14,"minecraft:rotten_flesh":6,"minecraft:granite":28,"spore:spine_fragment":6,"minecraft:oak_sapling":1,"minecraft:mutton":7,"minecraft:coal":318,"minecraft:white_wool":32,"minecraft:cobblestone":1118},"minecraft:dropped":{"spartanshields:stone_basic_shield":1,"minecraft:cooked_beef":4,"minecraft:raw_iron":9,"minecraft:cobblestone":96,"evilcraft:flesh_humanoid":1,"minecraft:dirt":37,"spore:mutated_heart":1,"minecraft:iron_pickaxe":1},"minecraft:crafted":{"minecraft:oak_planks":52,"minecraft:crafting_table":3,"minecraft:wooden_pickaxe":2,"minecraft:birch_planks":28,"minecraft:stick":48,"minecraft:wooden_axe":2,"minecraft:stone_pickaxe":2},"minecraft:broken":{"minecraft:stone_pickaxe":2},"minecraft:used":{"minecraft:stone_pickaxe":212,"minecraft:wooden_pickaxe":53,"minecraft:torch":2,"minecraft:mutton":1,"minecraft:crafting_table":5,"minecraft:wooden_axe":18,"evilcraft:flesh_humanoid":1,"minecraft:porkchop":2},"minecraft:mined":{"minecraft:crafting_table":3,"minecraft:grass_block":29,"minecraft:tall_grass":16,"minecraft:copper_ore":1,"minecraft:diorite":39,"minecraft:birch_log":7,"minecraft:birch_leaves":2,"minecraft:andesite":14,"minecraft:grass":20,"minecraft:oak_log":8,"minecraft:dirt":36,"minecraft:stone":165,"minecraft:oak_leaves":21,"minecraft:deepslate":7},"minecraft:killed":{"minecraft:pig":1},"minecraft:custom":{"minecraft:interact_with_furnace":1,"minecraft:mob_kills":1,"minecraft:interact_with_crafting_table":8,"minecraft:leave_game":1,"minecraft:time_since_death":5782,"minecraft:time_since_rest":6038,"minecraft:sprint_one_cm":60871,"minecraft:damage_taken":4173,"minecraft:walk_one_cm":95845,"minecraft:drop":9,"minecraft:damage_dealt":352,"minecraft:swim_one_cm":797,"minecraft:fly_one_cm":160765,"minecraft:crouch_one_cm":1200,"minecraft:play_time":39051,"minecraft:deaths":12,"minecraft:sneak_time":576,"minecraft:walk_under_water_one_cm":1893,"minecraft:jump":759,"minecraft:walk_on_water_one_cm":3292,"minecraft:total_world_time":39051,"minecraft:fall_one_cm":17853}},"DataVersion":3465}