{
  "minecraft:recipes/redstone/lever": {
    "criteria": {
      "has_cobblestone": "2024-10-10 07:10:15 +0000"
    },
    "done": true
  },
  "securitycraft:recipes/misc/sentry": {
    "criteria": {
      "has_iron": "2024-10-10 06:51:58 +0000"
    },
    "done": true
  },
  "minecraft:recipes/building_blocks/polished_deepslate": {
    "criteria": {
      "has_cobbled_deepslate": "2024-10-10 07:23:07 +0000"
    },
    "done": true
  },
  "minecraft:recipes/combat/leather_helmet": {
    "criteria": {
      "has_leather": "2024-10-10 07:08:03 +0000"
    },
    "done": true
  },
  "minecraft:recipes/decorations/ladder": {
    "criteria": {
      "has_stick": "2024-10-10 06:54:20 +0000"
    },
    "done": true
  },
  "spartanshields:recipes/lapis_lazuli_basic_shield": {
    "criteria": {
      "has_lapis_lazuli": "2024-10-10 07:23:05 +0000"
    },
    "done": true
  },
  "minecraft:recipes/combat/iron_leggings": {
    "criteria": {
      "has_iron_ingot": "2024-10-10 06:51:58 +0000"
    },
    "done": true
  },
  "spartanshields:recipes/iron_tower_shield": {
    "criteria": {
      "has_iron_ingot": "2024-10-10 06:51:58 +0000"
    },
    "done": true
  },
  "minecraft:recipes/decorations/gray_bed": {
    "criteria": {
      "has_gray_wool": "2024-10-10 06:52:41 +0000"
    },
    "done": true
  },
  "minecraft:recipes/building_blocks/deepslate_tile_stairs_from_cobbled_deepslate_stonecutting": {
    "criteria": {
      "has_cobbled_deepslate": "2024-10-10 07:23:07 +0000"
    },
    "done": true
  },
  "minecraft:recipes/building_blocks/light_gray_concrete_powder": {
    "criteria": {
      "has_sand": "2024-10-10 07:08:31 +0000"
    },
    "done": true
  },
  "minecraft:recipes/combat/leather_leggings": {
    "criteria": {
      "has_leather": "2024-10-10 07:08:03 +0000"
    },
    "done": true
  },
  "travelersbackpack:recipes/misc/coal": {
    "criteria": {
      "has_coal": "2024-10-10 07:09:40 +0000"
    },
    "done": true
  },
  "minecraft:recipes/building_blocks/pink_concrete_powder": {
    "criteria": {
      "has_sand": "2024-10-10 07:08:31 +0000"
    },
    "done": true
  },
  "minecraft:recipes/building_blocks/sandstone_slab": {
    "criteria": {
      "has_sandstone": "2024-10-10 07:08:25 +0000"
    },
    "done": true
  },
  "minecraft:recipes/decorations/deepslate_brick_wall_from_deepslate_bricks_stonecutting": {
    "criteria": {
      "has_deepslate_bricks": "2024-10-10 07:25:37 +0000"
    },
    "done": true
  },
  "l2complements:recipes/misc/vanilla/upgrade/iron_chestplate": {
    "criteria": {
      "has_iron_block": "2024-10-10 07:12:10 +0000"
    },
    "done": true
  },
  "minecraft:recipes/building_blocks/deepslate_tile_stairs_from_deepslate_tiles_stonecutting": {
    "criteria": {
      "has_deepslate_tiles": "2024-10-10 07:23:29 +0000"
    },
    "done": true
  },
  "minecraft:recipes/combat/diamond_leggings": {
    "criteria": {
      "has_diamond": "2024-10-10 06:52:20 +0000"
    },
    "done": true
  },
  "securitycraft:recipes/redstone/reinforced_birch_fence_gate": {
    "criteria": {
      "has_stick": "2024-10-10 06:54:20 +0000"
    },
    "done": true
  },
  "securitycraft:recipes/redstone/reinforced_crimson_fence_gate": {
    "criteria": {
      "has_stick": "2024-10-10 06:54:20 +0000"
    },
    "done": true
  },
  "securitycraft:recipes/misc/motion_activated_light": {
    "criteria": {
      "has_stick": "2024-10-10 06:54:20 +0000"
    },
    "done": true
  },
  "securitycraft:recipes/redstone/reinforced_jungle_fence_gate": {
    "criteria": {
      "has_stick": "2024-10-10 06:54:20 +0000"
    },
    "done": true
  },
  "l2weaponry:recipes/tools/generated/craft/diamond_battle_axe_enchanted": {
    "criteria": {
      "has_diamond": "2024-10-10 06:52:20 +0000"
    },
    "done": true
  },
  "l2weaponry:recipes/tools/generated/craft/iron_nunchaku_enchanted": {
    "criteria": {
      "has_iron_ingot": "2024-10-10 06:51:58 +0000"
    },
    "done": true
  },
  "minecraft:recipes/misc/iron_nugget_from_smelting": {
    "criteria": {
      "has_iron_sword": "2024-10-10 06:51:59 +0000"
    },
    "done": true
  },
  "minecraft:recipes/misc/blue_dye": {
    "criteria": {
      "has_lapis_lazuli": "2024-10-10 07:23:05 +0000"
    },
    "done": true
  },
  "l2weaponry:recipes/tools/generated/craft/iron_plate_shield_enchanted": {
    "criteria": {
      "has_iron_ingot": "2024-10-10 06:51:58 +0000"
    },
    "done": true
  },
  "securitycraft:recipes/misc/blacklist_module": {
    "criteria": {
      "has_iron": "2024-10-10 06:51:58 +0000"
    },
    "done": true
  },
  "graveyard:graveyard/crypt": {
    "criteria": {
      "crypt": "2024-10-10 07:23:29 +0000"
    },
    "done": true
  },
  "minecraft:story/deflect_arrow": {
    "criteria": {
      "deflected_projectile": "2024-10-10 07:16:39 +0000"
    },
    "done": true
  },
  "spartanshields:recipes/steel_tower_shield": {
    "criteria": {
      "has_steel_ingot": "2024-10-10 06:51:59 +0000"
    },
    "done": true
  },
  "minecraft:recipes/tools/golden_axe": {
    "criteria": {
      "has_gold_ingot": "2024-10-10 06:51:58 +0000"
    },
    "done": true
  },
  "minecraft:recipes/building_blocks/deepslate_tile_stairs_from_deepslate_bricks_stonecutting": {
    "criteria": {
      "has_deepslate_bricks": "2024-10-10 07:25:37 +0000"
    },
    "done": true
  },
  "minecraft:recipes/combat/iron_chestplate": {
    "criteria": {
      "has_iron_ingot": "2024-10-10 06:51:58 +0000"
    },
    "done": true
  },
  "minecraft:recipes/decorations/oak_sign": {
    "criteria": {
      "has_planks": "2024-10-10 07:00:53 +0000"
    },
    "done": true
  },
  "minecraft:recipes/redstone/oak_trapdoor": {
    "criteria": {
      "has_planks": "2024-10-10 07:00:53 +0000"
    },
    "done": true
  },
  "minecraft:recipes/building_blocks/red_concrete_powder": {
    "criteria": {
      "has_sand": "2024-10-10 07:08:31 +0000"
    },
    "done": true
  },
  "minecraft:recipes/tools/golden_pickaxe": {
    "criteria": {
      "has_gold_ingot": "2024-10-10 06:51:58 +0000"
    },
    "done": true
  },
  "securitycraft:recipes/building_blocks/reinforced_tinted_glass": {
    "criteria": {
      "has_amethyst_shard": "2024-10-10 07:26:14 +0000"
    },
    "done": true
  },
  "minecraft:recipes/building_blocks/deepslate_brick_stairs_from_cobbled_deepslate_stonecutting": {
    "criteria": {
      "has_cobbled_deepslate": "2024-10-10 07:23:07 +0000"
    },
    "done": true
  },
  "minecraft:recipes/combat/stone_sword": {
    "criteria": {
      "has_cobblestone": "2024-10-10 07:10:15 +0000"
    },
    "done": true
  },
  "minecraft:recipes/decorations/cobblestone_wall": {
    "criteria": {
      "has_cobblestone": "2024-10-10 07:10:15 +0000"
    },
    "done": true
  },
  "minecraft:recipes/decorations/deepslate_tile_wall_from_deepslate_tiles_stonecutting": {
    "criteria": {
      "has_deepslate_tiles": "2024-10-10 07:23:29 +0000"
    },
    "done": true
  },
  "travelersbackpack:recipes/misc/backpack_tank": {
    "criteria": {
      "has_iron": "2024-10-10 06:51:58 +0000"
    },
    "done": true
  },
  "evilcraft:root": {
    "criteria": {
      "criteria_0": "2024-10-10 07:20:53 +0000"
    },
    "done": true
  },
  "minecraft:recipes/building_blocks/lapis_block": {
    "criteria": {
      "has_lapis_lazuli": "2024-10-10 07:23:05 +0000"
    },
    "done": true
  },
  "celestisynth:recipes/misc/celestial_core": {
    "criteria": {
      "has_item": "2024-10-10 07:26:14 +0000"
    },
    "done": true
  },
  "minecraft:recipes/building_blocks/polished_diorite": {
    "criteria": {
      "has_diorite": "2024-10-10 07:19:55 +0000"
    },
    "done": true
  },
  "minecraft:recipes/tools/stone_axe": {
    "criteria": {
      "has_cobblestone": "2024-10-10 07:10:15 +0000"
    },
    "done": true
  },
  "minecraft:recipes/building_blocks/raw_iron_block": {
    "criteria": {
      "has_raw_iron": "2024-10-10 07:22:10 +0000"
    },
    "done": true
  },
  "mores:obtain_all": {
    "criteria": {
      "obtain_topaz_gem": "2024-10-10 06:51:57 +0000",
      "obtain_tourmaline": "2024-10-10 07:37:50 +0000",
      "obtain_steel_ingot": "2024-10-10 06:51:59 +0000"
    },
    "done": false
  },
  "graveyard:graveyard/desert_graveyard": {
    "criteria": {
      "small_desert_graveyard": "2024-10-10 07:06:16 +0000"
    },
    "done": true
  },
  "securitycraft:recipes/misc/limited_use_keycard": {
    "criteria": {
      "has_iron": "2024-10-10 06:51:58 +0000"
    },
    "done": true
  },
  "l2weaponry:recipes/tools/generated/craft/gold_machete_enchanted": {
    "criteria": {
      "has_gold_ingot": "2024-10-10 06:51:58 +0000"
    },
    "done": true
  },
  "securitycraft:recipes/misc/bouncing_betty": {
    "criteria": {
      "has_iron": "2024-10-10 06:51:58 +0000"
    },
    "done": true
  },
  "minecraft:recipes/misc/iron_nugget": {
    "criteria": {
      "has_iron_ingot": "2024-10-10 06:51:58 +0000"
    },
    "done": true
  },
  "minecraft:recipes/building_blocks/brown_concrete_powder": {
    "criteria": {
      "has_sand": "2024-10-10 07:08:31 +0000"
    },
    "done": true
  },
  "minecraft:recipes/combat/diamond_sword": {
    "criteria": {
      "has_diamond": "2024-10-10 06:52:20 +0000"
    },
    "done": true
  },
  "minecraft:recipes/misc/white_dye": {
    "criteria": {
      "has_bone_meal": "2024-10-10 07:06:25 +0000"
    },
    "done": true
  },
  "minecraft:recipes/decorations/jukebox": {
    "criteria": {
      "has_diamond": "2024-10-10 06:52:20 +0000"
    },
    "done": true
  },
  "minecraft:recipes/misc/gold_nugget": {
    "criteria": {
      "has_gold_ingot": "2024-10-10 06:51:58 +0000"
    },
    "done": true
  },
  "l2weaponry:recipes/tools/generated/craft/iron_spear_enchanted": {
    "criteria": {
      "has_iron_ingot": "2024-10-10 06:51:58 +0000"
    },
    "done": true
  },
  "minecraft:recipes/misc/bucket": {
    "criteria": {
      "has_iron_ingot": "2024-10-10 06:51:58 +0000"
    },
    "done": true
  },
  "minecraft:recipes/building_blocks/diorite_slab": {
    "criteria": {
      "has_diorite": "2024-10-10 07:19:55 +0000"
    },
    "done": true
  },
  "l2weaponry:recipes/tools/generated/craft/iron_throwing_axe_enchanted": {
    "criteria": {
      "has_iron_ingot": "2024-10-10 06:51:58 +0000"
    },
    "done": true
  },
  "minecraft:recipes/building_blocks/light_blue_concrete_powder": {
    "criteria": {
      "has_sand": "2024-10-10 07:08:31 +0000"
    },
    "done": true
  },
  "securitycraft:recipes/misc/disguise_module": {
    "criteria": {
      "has_iron": "2024-10-10 06:51:58 +0000"
    },
    "done": true
  },
  "l2weaponry:recipes/tools/generated/craft/diamond_round_shield_enchanted": {
    "criteria": {
      "has_diamond": "2024-10-10 06:52:20 +0000"
    },
    "done": true
  },
  "minecraft:recipes/building_blocks/glass": {
    "criteria": {
      "has_smelts_to_glass": "2024-10-10 07:08:31 +0000"
    },
    "done": true
  },
  "minecraft:recipes/combat/iron_helmet": {
    "criteria": {
      "has_iron_ingot": "2024-10-10 06:51:58 +0000"
    },
    "done": true
  },
  "minecraft:recipes/tools/golden_shovel": {
    "criteria": {
      "has_gold_ingot": "2024-10-10 06:51:58 +0000"
    },
    "done": true
  },
  "minecraft:recipes/combat/bow": {
    "criteria": {
      "has_string": "2024-10-10 07:04:22 +0000"
    },
    "done": true
  },
  "minecraft:recipes/building_blocks/smooth_sandstone": {
    "criteria": {
      "has_sandstone": "2024-10-10 07:08:25 +0000"
    },
    "done": true
  },
  "minecraft:recipes/building_blocks/oxidized_cut_copper": {
    "criteria": {
      "has_oxidized_copper": "2024-10-10 07:23:33 +0000"
    },
    "done": true
  },
  "minecraft:recipes/combat/diamond_chestplate": {
    "criteria": {
      "has_diamond": "2024-10-10 06:52:20 +0000"
    },
    "done": true
  },
  "minecraft:story/mine_stone": {
    "criteria": {
      "get_stone": "2024-10-10 07:10:15 +0000"
    },
    "done": true
  },
  "minecraft:recipes/decorations/furnace": {
    "criteria": {
      "has_cobblestone": "2024-10-10 07:10:15 +0000"
    },
    "done": true
  },
  "minecraft:recipes/transportation/minecart": {
    "criteria": {
      "has_iron_ingot": "2024-10-10 06:51:58 +0000"
    },
    "done": true
  },
  "minecraft:recipes/building_blocks/andesite_stairs": {
    "criteria": {
      "has_andesite": "2024-10-10 07:10:51 +0000"
    },
    "done": true
  },
  "minecraft:recipes/tools/iron_hoe": {
    "criteria": {
      "has_iron_ingot": "2024-10-10 06:51:58 +0000"
    },
    "done": true
  },
  "minecraft:recipes/food/golden_apple": {
    "criteria": {
      "has_gold_ingot": "2024-10-10 06:51:58 +0000"
    },
    "done": true
  },
  "minecraft:recipes/misc/gold_ingot_from_blasting_raw_gold": {
    "criteria": {
      "has_raw_gold": "2024-10-10 07:37:46 +0000"
    },
    "done": true
  },
  "minecraft:recipes/building_blocks/green_concrete_powder": {
    "criteria": {
      "has_sand": "2024-10-10 07:08:31 +0000"
    },
    "done": true
  },
  "spartanshields:recipes/wooden_basic_shield": {
    "criteria": {
      "has_planks": "2024-10-10 07:00:53 +0000"
    },
    "done": true
  },
  "l2weaponry:recipes/combat/generated/upgrade/iron_plate_shield": {
    "criteria": {
      "has_iron_block": "2024-10-10 07:12:10 +0000"
    },
    "done": true
  },
  "travelersbackpack:recipes/misc/sandstone": {
    "criteria": {
      "has_sandstone": "2024-10-10 07:08:25 +0000"
    },
    "done": true
  },
  "minecraft:recipes/building_blocks/oxidized_cut_copper_from_oxidized_copper_stonecutting": {
    "criteria": {
      "has_oxidized_copper": "2024-10-10 07:23:33 +0000"
    },
    "done": true
  },
  "minecraft:recipes/decorations/sandstone_wall_from_sandstone_stonecutting": {
    "criteria": {
      "has_sandstone": "2024-10-10 07:08:25 +0000"
    },
    "done": true
  },
  "minecraft:recipes/combat/golden_boots": {
    "criteria": {
      "has_gold_ingot": "2024-10-10 06:51:58 +0000"
    },
    "done": true
  },
  "minecraft:recipes/tools/wooden_axe": {
    "criteria": {
      "has_stick": "2024-10-10 06:54:20 +0000"
    },
    "done": true
  },
  "l2complements:recipes/misc/vanilla/upgrade/iron_boots": {
    "criteria": {
      "has_iron_block": "2024-10-10 07:12:10 +0000"
    },
    "done": true
  },
  "l2weaponry:recipes/tools/generated/craft/iron_battle_axe_enchanted": {
    "criteria": {
      "has_iron_ingot": "2024-10-10 06:51:58 +0000"
    },
    "done": true
  },
  "securitycraft:recipes/redstone/block_change_detector": {
    "criteria": {
      "has_iron": "2024-10-10 06:51:58 +0000"
    },
    "done": true
  },
  "securitycraft:recipes/redstone/laser_block": {
    "criteria": {
      "has_stone": "2024-10-10 07:10:15 +0000"
    },
    "done": true
  },
  "minecraft:recipes/decorations/painting": {
    "criteria": {
      "has_wool": "2024-10-10 06:52:41 +0000"
    },
    "done": true
  },
  "spartanshields:recipes/wooden_tower_shield": {
    "criteria": {
      "has_planks": "2024-10-10 07:00:53 +0000"
    },
    "done": true
  },
  "travelersbackpack:recipes/misc/creeper": {
    "criteria": {
      "has_gunpowder": "2024-10-10 06:52:11 +0000"
    },
    "done": true
  },
  "minecraft:recipes/building_blocks/blue_concrete_powder": {
    "criteria": {
      "has_sand": "2024-10-10 07:08:31 +0000"
    },
    "done": true
  },
  "l2weaponry:recipes/combat/generated/upgrade/iron_spear": {
    "criteria": {
      "has_iron_block": "2024-10-10 07:12:10 +0000"
    },
    "done": true
  },
  "minecraft:recipes/combat/golden_helmet": {
    "criteria": {
      "has_gold_ingot": "2024-10-10 06:51:58 +0000"
    },
    "done": true
  },
  "securitycraft:recipes/decorations/floor_trap": {
    "criteria": {
      "has_iron": "2024-10-10 06:51:58 +0000"
    },
    "done": true
  },
  "mores:craft_horse_armor": {
    "criteria": {
      "craft_horse_armor": "2024-10-10 06:53:18 +0000"
    },
    "done": true
  },
  "minecraft:recipes/building_blocks/cut_sandstone": {
    "criteria": {
      "has_sandstone": "2024-10-10 07:08:25 +0000"
    },
    "done": true
  },
  "spartanshields:recipes/diamond_basic_shield": {
    "criteria": {
      "has_diamond": "2024-10-10 06:52:20 +0000"
    },
    "done": true
  },
  "l2weaponry:recipes/tools/generated/craft/gold_battle_axe_enchanted": {
    "criteria": {
      "has_gold_ingot": "2024-10-10 06:51:58 +0000"
    },
    "done": true
  },
  "minecraft:recipes/combat/leather_chestplate": {
    "criteria": {
      "has_leather": "2024-10-10 07:08:03 +0000"
    },
    "done": true
  },
  "graveyard:graveyard/craft_coffin": {
    "criteria": {
      "coffin": "2024-10-10 07:26:42 +0000"
    },
    "done": true
  },
  "l2weaponry:recipes/tools/generated/craft/diamond_throwing_axe_enchanted": {
    "criteria": {
      "has_diamond": "2024-10-10 06:52:20 +0000"
    },
    "done": true
  },
  "securitycraft:recipes/redstone/reinforced_spruce_fence_gate": {
    "criteria": {
      "has_stick": "2024-10-10 06:54:20 +0000"
    },
    "done": true
  },
  "l2complements:recipes/misc/vanilla/upgrade/iron_shovel": {
    "criteria": {
      "has_iron_block": "2024-10-10 07:12:10 +0000"
    },
    "done": true
  },
  "minecraft:recipes/decorations/andesite_wall_from_andesite_stonecutting": {
    "criteria": {
      "has_andesite": "2024-10-10 07:10:51 +0000"
    },
    "done": true
  },
  "travelersbackpack:recipes/misc/crafting_upgrade": {
    "criteria": {
      "has_crafting_table": "2024-10-10 07:07:13 +0000"
    },
    "done": true
  },
  "minecraft:story/smelt_iron": {
    "criteria": {
      "iron": "2024-10-10 06:51:58 +0000"
    },
    "done": true
  },
  "minecraft:recipes/building_blocks/deepslate_brick_stairs": {
    "criteria": {
      "has_deepslate_bricks": "2024-10-10 07:25:37 +0000"
    },
    "done": true
  },
  "minecraft:recipes/tools/fishing_rod": {
    "criteria": {
      "has_string": "2024-10-10 07:04:22 +0000"
    },
    "done": true
  },
  "securitycraft:recipes/building_blocks/reinforced_andesite_with_vanilla_diorite": {
    "criteria": {
      "has_cobblestone": "2024-10-10 07:10:15 +0000"
    },
    "done": true
  },
  "l2weaponry:recipes/combat/generated/upgrade/iron_throwing_axe": {
    "criteria": {
      "has_iron_block": "2024-10-10 07:12:10 +0000"
    },
    "done": true
  },
  "minecraft:recipes/building_blocks/chiseled_deepslate_from_cobbled_deepslate_stonecutting": {
    "criteria": {
      "has_cobbled_deepslate": "2024-10-10 07:23:07 +0000"
    },
    "done": true
  },
  "minecraft:recipes/decorations/crafting_table": {
    "criteria": {
      "unlock_right_away": "2024-10-10 06:51:11 +0000"
    },
    "done": true
  },
  "securitycraft:recipes/misc/storage_module": {
    "criteria": {
      "has_iron": "2024-10-10 06:51:58 +0000"
    },
    "done": true
  },
  "minecraft:recipes/decorations/chest": {
    "criteria": {
      "has_lots_of_items": "2024-10-10 06:51:59 +0000"
    },
    "done": true
  },
  "minecraft:recipes/building_blocks/cobbled_deepslate_slab": {
    "criteria": {
      "has_cobbled_deepslate": "2024-10-10 07:23:07 +0000"
    },
    "done": true
  },
  "minecraft:recipes/tools/shears": {
    "criteria": {
      "has_iron_ingot": "2024-10-10 06:51:58 +0000"
    },
    "done": true
  },
  "minecraft:recipes/misc/stick": {
    "criteria": {
      "has_planks": "2024-10-10 07:00:53 +0000"
    },
    "done": true
  },
  "minecraft:recipes/building_blocks/emerald_block": {
    "criteria": {
      "has_emerald": "2024-10-10 06:52:23 +0000"
    },
    "done": true
  },
  "spartanshields:recipes/iron_basic_shield": {
    "criteria": {
      "has_iron_ingot": "2024-10-10 06:51:58 +0000"
    },
    "done": true
  },
  "securitycraft:recipes/building_blocks/reinforced_packed_mud": {
    "criteria": {
      "has_wheat": "2024-10-10 06:51:52 +0000"
    },
    "done": true
  },
  "minecraft:recipes/decorations/cobbled_deepslate_wall_from_cobbled_deepslate_stonecutting": {
    "criteria": {
      "has_cobbled_deepslate": "2024-10-10 07:23:07 +0000"
    },
    "done": true
  },
  "securitycraft:recipes/misc/reinforced_jungle_fence": {
    "criteria": {
      "has_stick": "2024-10-10 06:54:20 +0000"
    },
    "done": true
  },
  "spartanshields:recipes/stone_basic_shield": {
    "criteria": {
      "has_cobblestone": "2024-10-10 07:10:15 +0000"
    },
    "done": true
  },
  "minecraft:recipes/tools/spyglass": {
    "criteria": {
      "has_amethyst_shard": "2024-10-10 07:26:14 +0000"
    },
    "done": true
  },
  "minecraft:adventure/sleep_in_bed": {
    "criteria": {
      "slept_in_bed": "2024-10-10 07:03:10 +0000"
    },
    "done": true
  },
  "minecraft:recipes/building_blocks/cobblestone_slab_from_cobblestone_stonecutting": {
    "criteria": {
      "has_cobblestone": "2024-10-10 07:10:15 +0000"
    },
    "done": true
  },
  "minecraft:recipes/building_blocks/oak_stairs": {
    "criteria": {
      "has_planks": "2024-10-10 07:00:53 +0000"
    },
    "done": true
  },
  "minecraft:recipes/building_blocks/polished_andesite_slab_from_andesite_stonecutting": {
    "criteria": {
      "has_andesite": "2024-10-10 07:10:51 +0000"
    },
    "done": true
  },
  "minecraft:recipes/transportation/cherry_boat": {
    "criteria": {
      "in_water": "2024-10-10 06:51:40 +0000"
    },
    "done": true
  },
  "minecraft:recipes/building_blocks/white_concrete_powder": {
    "criteria": {
      "has_sand": "2024-10-10 07:08:31 +0000"
    },
    "done": true
  },
  "l2weaponry:recipes/tools/generated/craft/diamond_scythe_enchanted": {
    "criteria": {
      "has_diamond": "2024-10-10 06:52:20 +0000"
    },
    "done": true
  },
  "minecraft:recipes/tools/diamond_pickaxe": {
    "criteria": {
      "has_diamond": "2024-10-10 06:52:20 +0000"
    },
    "done": true
  },
  "minecraft:adventure/kill_all_mobs": {
    "criteria": {
      "minecraft:spider": "2024-10-10 07:11:39 +0000"
    },
    "done": false
  },
  "l2weaponry:recipes/tools/generated/craft/diamond_javelin_enchanted": {
    "criteria": {
      "has_diamond": "2024-10-10 06:52:20 +0000"
    },
    "done": true
  },
  "minecraft:recipes/decorations/chain": {
    "criteria": {
      "has_iron_ingot": "2024-10-10 06:51:58 +0000"
    },
    "done": true
  },
  "minecraft:recipes/decorations/oak_fence": {
    "criteria": {
      "has_planks": "2024-10-10 07:00:53 +0000"
    },
    "done": true
  },
  "securitycraft:recipes/misc/reinforced_warped_fence": {
    "criteria": {
      "has_stick": "2024-10-10 06:54:20 +0000"
    },
    "done": true
  },
  "minecraft:recipes/combat/golden_chestplate": {
    "criteria": {
      "has_gold_ingot": "2024-10-10 06:51:58 +0000"
    },
    "done": true
  },
  "l2complements:recipes/misc/vanilla/upgrade/iron_helmet": {
    "criteria": {
      "has_iron_block": "2024-10-10 07:12:10 +0000"
    },
    "done": true
  },
  "minecraft:recipes/building_blocks/iron_block": {
    "criteria": {
      "has_iron_ingot": "2024-10-10 06:51:58 +0000"
    },
    "done": true
  },
  "travelersbackpack:recipes/misc/gold": {
    "criteria": {
      "has_gold_ingot": "2024-10-10 06:51:58 +0000"
    },
    "done": true
  },
  "l2weaponry:recipes/combat/generated/upgrade/iron_battle_axe": {
    "criteria": {
      "has_iron_block": "2024-10-10 07:12:10 +0000"
    },
    "done": true
  },
  "minecraft:recipes/decorations/deepslate_tile_wall_from_deepslate_bricks_stonecutting": {
    "criteria": {
      "has_deepslate_bricks": "2024-10-10 07:25:37 +0000"
    },
    "done": true
  },
  "minecraft:recipes/decorations/gray_carpet": {
    "criteria": {
      "has_gray_wool": "2024-10-10 06:52:41 +0000"
    },
    "done": true
  },
  "minecraft:recipes/decorations/deepslate_tile_wall": {
    "criteria": {
      "has_deepslate_tiles": "2024-10-10 07:23:29 +0000"
    },
    "done": true
  },
  "minecraft:recipes/redstone/tripwire_hook": {
    "criteria": {
      "has_string": "2024-10-10 07:04:22 +0000"
    },
    "done": true
  },
  "minecraft:recipes/misc/black_dye_from_wither_rose": {
    "criteria": {
      "has_wither_rose": "2024-10-10 07:07:02 +0000"
    },
    "done": true
  },
  "minecraft:recipes/misc/bone_meal": {
    "criteria": {
      "has_bone": "2024-10-10 06:53:18 +0000"
    },
    "done": true
  },
  "minecraft:recipes/building_blocks/sandstone_stairs_from_sandstone_stonecutting": {
    "criteria": {
      "has_sandstone": "2024-10-10 07:08:25 +0000"
    },
    "done": true
  },
  "minecraft:recipes/decorations/cobbled_deepslate_wall": {
    "criteria": {
      "has_cobbled_deepslate": "2024-10-10 07:23:07 +0000"
    },
    "done": true
  },
  "spartanshields:recipes/diamond_tower_shield": {
    "criteria": {
      "has_diamond": "2024-10-10 06:52:20 +0000"
    },
    "done": true
  },
  "travelersbackpack:recipes/misc/emerald": {
    "criteria": {
      "has_emerald": "2024-10-10 06:52:23 +0000"
    },
    "done": true
  },
  "travelersbackpack:recipes/misc/spider": {
    "criteria": {
      "has_string": "2024-10-10 07:04:22 +0000"
    },
    "done": true
  },
  "minecraft:recipes/decorations/polished_deepslate_wall_from_cobbled_deepslate_stonecutting": {
    "criteria": {
      "has_cobbled_deepslate": "2024-10-10 07:23:07 +0000"
    },
    "done": true
  },
  "minecraft:recipes/decorations/diorite_wall": {
    "criteria": {
      "has_diorite": "2024-10-10 07:19:55 +0000"
    },
    "done": true
  },
  "minecraft:recipes/building_blocks/stone": {
    "criteria": {
      "has_cobblestone": "2024-10-10 07:10:15 +0000"
    },
    "done": true
  },
  "minecraft:recipes/transportation/bamboo_raft": {
    "criteria": {
      "in_water": "2024-10-10 06:51:40 +0000"
    },
    "done": true
  },
  "l2weaponry:recipes/combat/generated/upgrade/iron_claw": {
    "criteria": {
      "has_iron_block": "2024-10-10 07:12:10 +0000"
    },
    "done": true
  },
  "minecraft:recipes/decorations/smithing_table": {
    "criteria": {
      "has_iron_ingot": "2024-10-10 06:51:58 +0000"
    },
    "done": true
  },
  "securitycraft:recipes/transportation/track_mine": {
    "criteria": {
      "has_iron": "2024-10-10 06:51:58 +0000"
    },
    "done": true
  },
  "l2weaponry:recipes/combat/generated/upgrade/iron_machete": {
    "criteria": {
      "has_iron_block": "2024-10-10 07:12:10 +0000"
    },
    "done": true
  },
  "travelersbackpack:recipes/decorations/white_sleeping_bag": {
    "criteria": {
      "has_white_wool": "2024-10-10 07:14:01 +0000"
    },
    "done": true
  },
  "l2weaponry:recipes/combat/generated/upgrade/iron_round_shield": {
    "criteria": {
      "has_iron_block": "2024-10-10 07:12:10 +0000"
    },
    "done": true
  },
  "l2weaponry:recipes/misc/misc/reinforced_handle": {
    "criteria": {
      "has_stick": "2024-10-10 06:54:20 +0000"
    },
    "done": true
  },
  "securitycraft:recipes/building_blocks/reinforced_andesite_with_vanilla_cobblestone": {
    "criteria": {
      "has_cobblestone": "2024-10-10 07:10:15 +0000"
    },
    "done": true
  },
  "minecraft:recipes/decorations/candle": {
    "criteria": {
      "has_string": "2024-10-10 07:04:22 +0000"
    },
    "done": true
  },
  "minecraft:recipes/food/bread": {
    "criteria": {
      "has_wheat": "2024-10-10 06:51:52 +0000"
    },
    "done": true
  },
  "l2weaponry:recipes/tools/generated/craft/iron_machete_enchanted": {
    "criteria": {
      "has_iron_ingot": "2024-10-10 06:51:58 +0000"
    },
    "done": true
  },
  "minecraft:recipes/transportation/spruce_boat": {
    "criteria": {
      "in_water": "2024-10-10 06:51:40 +0000"
    },
    "done": true
  },
  "minecraft:recipes/building_blocks/deepslate_tiles": {
    "criteria": {
      "has_deepslate_bricks": "2024-10-10 07:25:37 +0000"
    },
    "done": true
  },
  "securitycraft:recipes/redstone/reinforced_cherry_fence_gate": {
    "criteria": {
      "has_stick": "2024-10-10 06:54:20 +0000"
    },
    "done": true
  },
  "minecraft:recipes/building_blocks/oxidized_cut_copper_slab_from_oxidized_copper_stonecutting": {
    "criteria": {
      "has_oxidized_copper": "2024-10-10 07:23:33 +0000"
    },
    "done": true
  },
  "minecraft:recipes/building_blocks/hay_block": {
    "criteria": {
      "has_wheat": "2024-10-10 06:51:52 +0000"
    },
    "done": true
  },
  "minecraft:recipes/misc/leather_horse_armor": {
    "criteria": {
      "has_leather": "2024-10-10 07:08:03 +0000"
    },
    "done": true
  },
  "securitycraft:recipes/misc/whitelist_module": {
    "criteria": {
      "has_iron": "2024-10-10 06:51:58 +0000"
    },
    "done": true
  },
  "minecraft:husbandry/root": {
    "criteria": {
      "consumed_item": "2024-10-10 07:00:34 +0000"
    },
    "done": true
  },
  "minecraft:recipes/transportation/birch_boat": {
    "criteria": {
      "in_water": "2024-10-10 06:51:40 +0000"
    },
    "done": true
  },
  "minecraft:recipes/building_blocks/cobbled_deepslate_stairs_from_cobbled_deepslate_stonecutting": {
    "criteria": {
      "has_cobbled_deepslate": "2024-10-10 07:23:07 +0000"
    },
    "done": true
  },
  "minecraft:recipes/tools/diamond_hoe": {
    "criteria": {
      "has_diamond": "2024-10-10 06:52:20 +0000"
    },
    "done": true
  },
  "minecraft:recipes/tools/diamond_shovel": {
    "criteria": {
      "has_diamond": "2024-10-10 06:52:20 +0000"
    },
    "done": true
  },
  "minecraft:recipes/building_blocks/deepslate": {
    "criteria": {
      "has_cobbled_deepslate": "2024-10-10 07:23:07 +0000"
    },
    "done": true
  },
  "minecraft:recipes/decorations/white_carpet": {
    "criteria": {
      "has_white_wool": "2024-10-10 07:14:01 +0000"
    },
    "done": true
  },
  "minecraft:recipes/transportation/oak_boat": {
    "criteria": {
      "in_water": "2024-10-10 06:51:40 +0000"
    },
    "done": true
  },
  "securitycraft:recipes/misc/reinforced_acacia_fence": {
    "criteria": {
      "has_stick": "2024-10-10 06:54:20 +0000"
    },
    "done": true
  },
  "l2weaponry:recipes/combat/generated/upgrade/iron_scythe": {
    "criteria": {
      "has_iron_block": "2024-10-10 07:12:10 +0000"
    },
    "done": true
  },
  "minecraft:recipes/building_blocks/deepslate_brick_stairs_from_deepslate_bricks_stonecutting": {
    "criteria": {
      "has_deepslate_bricks": "2024-10-10 07:25:37 +0000"
    },
    "done": true
  },
  "minecraft:recipes/building_blocks/polished_diorite_stairs_from_diorite_stonecutting": {
    "criteria": {
      "has_diorite": "2024-10-10 07:19:55 +0000"
    },
    "done": true
  },
  "l2complements:recipes/burnt/burnt/emerald": {
    "criteria": {
      "has_emerald": "2024-10-10 06:52:23 +0000"
    },
    "done": true
  },
  "l2complements:recipes/misc/vanilla/upgrade/iron_axe": {
    "criteria": {
      "has_iron_block": "2024-10-10 07:12:10 +0000"
    },
    "done": true
  },
  "l2weaponry:recipes/combat/generated/upgrade/iron_hammer": {
    "criteria": {
      "has_iron_block": "2024-10-10 07:12:10 +0000"
    },
    "done": true
  },
  "minecraft:recipes/building_blocks/andesite_slab_from_andesite_stonecutting": {
    "criteria": {
      "has_andesite": "2024-10-10 07:10:51 +0000"
    },
    "done": true
  },
  "minecraft:recipes/building_blocks/coal_block": {
    "criteria": {
      "has_coal": "2024-10-10 07:09:40 +0000"
    },
    "done": true
  },
  "minecraft:recipes/redstone/light_weighted_pressure_plate": {
    "criteria": {
      "has_gold_ingot": "2024-10-10 06:51:58 +0000"
    },
    "done": true
  },
  "spartanshields:recipes/steel_basic_shield": {
    "criteria": {
      "has_steel_ingot": "2024-10-10 06:51:59 +0000"
    },
    "done": true
  },
  "minecraft:recipes/misc/conduit": {
    "criteria": {
      "has_nautilus_core": "2024-10-10 06:52:01 +0000"
    },
    "done": true
  },
  "minecraft:recipes/building_blocks/polished_deepslate_stairs_from_cobbled_deepslate_stonecutting": {
    "criteria": {
      "has_cobbled_deepslate": "2024-10-10 07:23:07 +0000"
    },
    "done": true
  },
  "securitycraft:recipes/redstone/reinforced_acacia_fence_gate": {
    "criteria": {
      "has_stick": "2024-10-10 06:54:20 +0000"
    },
    "done": true
  },
  "travelersbackpack:recipes/misc/horse": {
    "criteria": {
      "has_leather": "2024-10-10 07:08:03 +0000"
    },
    "done": true
  },
  "minecraft:recipes/redstone/oak_button": {
    "criteria": {
      "has_planks": "2024-10-10 07:00:53 +0000"
    },
    "done": true
  },
  "minecraft:recipes/building_blocks/cracked_deepslate_tiles": {
    "criteria": {
      "has_deepslate_tiles": "2024-10-10 07:23:29 +0000"
    },
    "done": true
  },
  "securitycraft:recipes/misc/security_camera": {
    "criteria": {
      "has_iron": "2024-10-10 06:51:58 +0000"
    },
    "done": true
  },
  "minecraft:recipes/combat/diamond_boots": {
    "criteria": {
      "has_diamond": "2024-10-10 06:52:20 +0000"
    },
    "done": true
  },
  "minecraft:recipes/combat/iron_sword": {
    "criteria": {
      "has_iron_ingot": "2024-10-10 06:51:58 +0000"
    },
    "done": true
  },
  "minecraft:recipes/building_blocks/lime_concrete_powder": {
    "criteria": {
      "has_sand": "2024-10-10 07:08:31 +0000"
    },
    "done": true
  },
  "minecraft:recipes/tools/iron_pickaxe": {
    "criteria": {
      "has_iron_ingot": "2024-10-10 06:51:58 +0000"
    },
    "done": true
  },
  "l2complements:recipes/burnt/burnt/cooked_cod": {
    "criteria": {
      "has_cooked_cod": "2024-10-10 06:51:59 +0000"
    },
    "done": true
  },
  "minecraft:recipes/transportation/mangrove_boat": {
    "criteria": {
      "in_water": "2024-10-10 06:51:40 +0000"
    },
    "done": true
  },
  "minecraft:recipes/decorations/torch": {
    "criteria": {
      "has_stone_pickaxe": "2024-10-10 07:10:44 +0000"
    },
    "done": true
  },
  "travelersbackpack:recipes/misc/diamond_tier_upgrade": {
    "criteria": {
      "has_diamond": "2024-10-10 06:52:20 +0000"
    },
    "done": true
  },
  "travelersbackpack:recipes/misc/standard": {
    "criteria": {
      "has_chest": "2024-10-10 07:12:34 +0000"
    },
    "done": true
  },
  "minecraft:recipes/building_blocks/sandstone_stairs": {
    "criteria": {
      "has_sandstone": "2024-10-10 07:08:25 +0000"
    },
    "done": true
  },
  "minecraft:recipes/combat/shield": {
    "criteria": {
      "has_iron_ingot": "2024-10-10 06:51:58 +0000"
    },
    "done": true
  },
  "minecraft:recipes/redstone/hopper": {
    "criteria": {
      "has_iron_ingot": "2024-10-10 06:51:58 +0000"
    },
    "done": true
  },
  "mores:root": {
    "criteria": {
      "crafting_table": "2024-10-10 07:07:13 +0000"
    },
    "done": true
  },
  "minecraft:recipes/redstone/calibrated_sculk_sensor": {
    "criteria": {
      "has_amethyst_shard": "2024-10-10 07:26:14 +0000"
    },
    "done": true
  },
  "minecraft:recipes/building_blocks/oxidized_cut_copper_stairs_from_oxidized_copper_stonecutting": {
    "criteria": {
      "has_oxidized_copper": "2024-10-10 07:23:33 +0000"
    },
    "done": true
  },
  "minecraft:recipes/misc/gold_ingot_from_smelting_raw_gold": {
    "criteria": {
      "has_raw_gold": "2024-10-10 07:37:46 +0000"
    },
    "done": true
  },
  "securitycraft:recipes/misc/reinforced_cherry_fence": {
    "criteria": {
      "has_stick": "2024-10-10 06:54:20 +0000"
    },
    "done": true
  },
  "spartanshields:recipes/golden_basic_shield": {
    "criteria": {
      "has_gold_ingot": "2024-10-10 06:51:58 +0000"
    },
    "done": true
  },
  "l2weaponry:recipes/combat/generated/upgrade/iron_javelin": {
    "criteria": {
      "has_iron_block": "2024-10-10 07:12:10 +0000"
    },
    "done": true
  },
  "travelersbackpack:recipes/misc/iron": {
    "criteria": {
      "has_iron_ingot": "2024-10-10 06:51:58 +0000"
    },
    "done": true
  },
  "minecraft:recipes/building_blocks/andesite_stairs_from_andesite_stonecutting": {
    "criteria": {
      "has_andesite": "2024-10-10 07:10:51 +0000"
    },
    "done": true
  },
  "minecraft:recipes/decorations/iron_bars": {
    "criteria": {
      "has_iron_ingot": "2024-10-10 06:51:58 +0000"
    },
    "done": true
  },
  "l2weaponry:recipes/tools/generated/craft/gold_javelin_enchanted": {
    "criteria": {
      "has_gold_ingot": "2024-10-10 06:51:58 +0000"
    },
    "done": true
  },
  "minecraft:recipes/building_blocks/tinted_glass": {
    "criteria": {
      "has_amethyst_shard": "2024-10-10 07:26:14 +0000"
    },
    "done": true
  },
  "securitycraft:recipes/misc/briefcase": {
    "criteria": {
      "has_iron": "2024-10-10 06:51:58 +0000"
    },
    "done": true
  },
  "minecraft:recipes/decorations/deepslate_brick_wall_from_cobbled_deepslate_stonecutting": {
    "criteria": {
      "has_cobbled_deepslate": "2024-10-10 07:23:07 +0000"
    },
    "done": true
  },
  "securitycraft:recipes/redstone/reinforced_bamboo_fence_gate": {
    "criteria": {
      "has_stick": "2024-10-10 06:54:20 +0000"
    },
    "done": true
  },
  "securitycraft:recipes/redstone/reinforced_fence_gate": {
    "criteria": {
      "has_iron": "2024-10-10 06:51:58 +0000"
    },
    "done": true
  },
  "minecraft:recipes/building_blocks/deepslate_tile_slab_from_deepslate_tiles_stonecutting": {
    "criteria": {
      "has_deepslate_tiles": "2024-10-10 07:23:29 +0000"
    },
    "done": true
  },
  "minecraft:recipes/building_blocks/polished_deepslate_from_cobbled_deepslate_stonecutting": {
    "criteria": {
      "has_cobbled_deepslate": "2024-10-10 07:23:07 +0000"
    },
    "done": true
  },
  "minecraft:recipes/building_blocks/polished_deepslate_slab_from_cobbled_deepslate_stonecutting": {
    "criteria": {
      "has_cobbled_deepslate": "2024-10-10 07:23:07 +0000"
    },
    "done": true
  },
  "minecraft:recipes/building_blocks/orange_concrete_powder": {
    "criteria": {
      "has_sand": "2024-10-10 07:08:31 +0000"
    },
    "done": true
  },
  "minecraft:recipes/building_blocks/oak_slab": {
    "criteria": {
      "has_planks": "2024-10-10 07:00:53 +0000"
    },
    "done": true
  },
  "securitycraft:recipes/misc/electrified_iron_fence": {
    "criteria": {
      "has_iron": "2024-10-10 06:51:58 +0000"
    },
    "done": true
  },
  "spartanshields:recipes/stone_tower_shield": {
    "criteria": {
      "has_cobblestone": "2024-10-10 07:10:15 +0000"
    },
    "done": true
  },
  "minecraft:recipes/building_blocks/diorite_stairs_from_diorite_stonecutting": {
    "criteria": {
      "has_diorite": "2024-10-10 07:19:55 +0000"
    },
    "done": true
  },
  "travelersbackpack:recipes/misc/iron_tier_upgrade": {
    "criteria": {
      "has_iron_ingot": "2024-10-10 06:51:58 +0000"
    },
    "done": true
  },
  "securitycraft:recipes/redstone/reinforced_warped_fence_gate": {
    "criteria": {
      "has_stick": "2024-10-10 06:54:20 +0000"
    },
    "done": true
  },
  "securitycraft:recipes/misc/keycard_lv5": {
    "criteria": {
      "has_iron": "2024-10-10 06:51:58 +0000"
    },
    "done": true
  },
  "l2weaponry:recipes/tools/generated/craft/iron_claw_enchanted": {
    "criteria": {
      "has_iron_ingot": "2024-10-10 06:51:58 +0000"
    },
    "done": true
  },
  "securitycraft:recipes/misc/keycard_lv3": {
    "criteria": {
      "has_iron": "2024-10-10 06:51:58 +0000"
    },
    "done": true
  },
  "securitycraft:recipes/misc/keycard_lv4": {
    "criteria": {
      "has_iron": "2024-10-10 06:51:58 +0000"
    },
    "done": true
  },
  "securitycraft:recipes/misc/keycard_lv1": {
    "criteria": {
      "has_iron": "2024-10-10 06:51:58 +0000"
    },
    "done": true
  },
  "securitycraft:recipes/misc/keycard_lv2": {
    "criteria": {
      "has_iron": "2024-10-10 06:51:58 +0000"
    },
    "done": true
  },
  "minecraft:recipes/building_blocks/raw_gold_block": {
    "criteria": {
      "has_raw_gold": "2024-10-10 07:37:46 +0000"
    },
    "done": true
  },
  "minecraft:recipes/combat/iron_boots": {
    "criteria": {
      "has_iron_ingot": "2024-10-10 06:51:58 +0000"
    },
    "done": true
  },
  "travelersbackpack:recipes/misc/hose_nozzle": {
    "criteria": {
      "has_iron": "2024-10-10 06:51:58 +0000"
    },
    "done": true
  },
  "mores:obtain_tourmaline": {
    "criteria": {
      "obtain_tourmaline_gem": "2024-10-10 07:37:50 +0000"
    },
    "done": true
  },
  "minecraft:recipes/misc/iron_ingot_from_smelting_raw_iron": {
    "criteria": {
      "has_raw_iron": "2024-10-10 07:22:10 +0000"
    },
    "done": true
  },
  "minecraft:recipes/tools/stone_pickaxe": {
    "criteria": {
      "has_cobblestone": "2024-10-10 07:10:15 +0000"
    },
    "done": true
  },
  "minecraft:recipes/building_blocks/deepslate_brick_slab_from_cobbled_deepslate_stonecutting": {
    "criteria": {
      "has_cobbled_deepslate": "2024-10-10 07:23:07 +0000"
    },
    "done": true
  },
  "minecraft:recipes/decorations/deepslate_brick_wall": {
    "criteria": {
      "has_deepslate_bricks": "2024-10-10 07:25:37 +0000"
    },
    "done": true
  },
  "mores:obtain_steel": {
    "criteria": {
      "obtain_steel_ingot": "2024-10-10 06:51:59 +0000"
    },
    "done": true
  },
  "minecraft:recipes/decorations/lantern": {
    "criteria": {
      "has_iron_ingot": "2024-10-10 06:51:58 +0000"
    },
    "done": true
  },
  "l2weaponry:recipes/tools/generated/craft/gold_dagger_enchanted": {
    "criteria": {
      "has_gold_ingot": "2024-10-10 06:51:58 +0000"
    },
    "done": true
  },
  "minecraft:recipes/building_blocks/waxed_oxidized_copper_from_honeycomb": {
    "criteria": {
      "has_oxidized_copper": "2024-10-10 07:23:33 +0000"
    },
    "done": true
  },
  "minecraft:recipes/building_blocks/cobbled_deepslate_slab_from_cobbled_deepslate_stonecutting": {
    "criteria": {
      "has_cobbled_deepslate": "2024-10-10 07:23:07 +0000"
    },
    "done": true
  },
  "l2weaponry:recipes/tools/generated/craft/gold_throwing_axe_enchanted": {
    "criteria": {
      "has_gold_ingot": "2024-10-10 06:51:58 +0000"
    },
    "done": true
  },
  "minecraft:recipes/building_blocks/deepslate_tile_stairs": {
    "criteria": {
      "has_deepslate_tiles": "2024-10-10 07:23:29 +0000"
    },
    "done": true
  },
  "minecraft:recipes/building_blocks/magenta_concrete_powder": {
    "criteria": {
      "has_sand": "2024-10-10 07:08:31 +0000"
    },
    "done": true
  },
  "securitycraft:recipes/misc/mine": {
    "criteria": {
      "has_iron": "2024-10-10 06:51:58 +0000"
    },
    "done": true
  },
  "mores:craft_emerald_gear": {
    "criteria": {
      "craft_emerald_pickaxe": "2024-10-10 07:36:35 +0000"
    },
    "done": false
  },
  "minecraft:recipes/building_blocks/cut_sandstone_from_sandstone_stonecutting": {
    "criteria": {
      "has_sandstone": "2024-10-10 07:08:25 +0000"
    },
    "done": true
  },
  "l2weaponry:recipes/tools/generated/craft/gold_spear_enchanted": {
    "criteria": {
      "has_gold_ingot": "2024-10-10 06:51:58 +0000"
    },
    "done": true
  },
  "minecraft:recipes/decorations/campfire": {
    "criteria": {
      "has_stick": "2024-10-10 06:54:20 +0000"
    },
    "done": true
  },
  "minecraft:recipes/building_blocks/deepslate_tile_slab_from_cobbled_deepslate_stonecutting": {
    "criteria": {
      "has_cobbled_deepslate": "2024-10-10 07:23:07 +0000"
    },
    "done": true
  },
  "l2complements:recipes/enchantments/enchantments/durable_armor_1": {
    "criteria": {
      "has_diamond": "2024-10-10 06:52:20 +0000"
    },
    "done": true
  },
  "l2complements:recipes/enchantments/enchantments/durable_armor_2": {
    "criteria": {
      "has_diamond": "2024-10-10 06:52:20 +0000"
    },
    "done": true
  },
  "l2complements:recipes/enchantments/enchantments/durable_armor_3": {
    "criteria": {
      "has_diamond": "2024-10-10 06:52:20 +0000"
    },
    "done": true
  },
  "minecraft:recipes/tools/wooden_hoe": {
    "criteria": {
      "has_stick": "2024-10-10 06:54:20 +0000"
    },
    "done": true
  },
  "minecraft:recipes/building_blocks/chiseled_sandstone_from_sandstone_stonecutting": {
    "criteria": {
      "has_sandstone": "2024-10-10 07:08:25 +0000"
    },
    "done": true
  },
  "travelersbackpack:recipes/misc/blank_upgrade": {
    "criteria": {
      "has_chest": "2024-10-10 07:12:34 +0000"
    },
    "done": true
  },
  "travelersbackpack:recipes/misc/sheep": {
    "criteria": {
      "has_white_wool": "2024-10-10 07:14:01 +0000"
    },
    "done": true
  },
  "minecraft:recipes/decorations/white_banner": {
    "criteria": {
      "has_white_wool": "2024-10-10 07:14:01 +0000"
    },
    "done": true
  },
  "minecraft:recipes/redstone/oak_fence_gate": {
    "criteria": {
      "has_planks": "2024-10-10 07:00:53 +0000"
    },
    "done": true
  },
  "securitycraft:recipes/misc/harming_module": {
    "criteria": {
      "has_iron": "2024-10-10 06:51:58 +0000"
    },
    "done": true
  },
  "graveyard:graveyard/kill_wraith": {
    "criteria": {
      "wraith": "2024-10-10 07:24:49 +0000"
    },
    "done": true
  },
  "minecraft:recipes/decorations/diorite_wall_from_diorite_stonecutting": {
    "criteria": {
      "has_diorite": "2024-10-10 07:19:55 +0000"
    },
    "done": true
  },
  "minecraft:recipes/tools/wooden_pickaxe": {
    "criteria": {
      "has_stick": "2024-10-10 06:54:20 +0000"
    },
    "done": true
  },
  "minecraft:recipes/building_blocks/cobbled_deepslate_stairs": {
    "criteria": {
      "has_cobbled_deepslate": "2024-10-10 07:23:07 +0000"
    },
    "done": true
  },
  "minecraft:recipes/building_blocks/polished_andesite_from_andesite_stonecutting": {
    "criteria": {
      "has_andesite": "2024-10-10 07:10:51 +0000"
    },
    "done": true
  },
  "minecraft:recipes/tools/iron_shovel": {
    "criteria": {
      "has_iron_ingot": "2024-10-10 06:51:58 +0000"
    },
    "done": true
  },
  "minecraft:recipes/decorations/item_frame": {
    "criteria": {
      "has_leather": "2024-10-10 07:08:03 +0000"
    },
    "done": true
  },
  "securitycraft:recipes/misc/sonic_security_system": {
    "criteria": {
      "has_stick": "2024-10-10 06:54:20 +0000"
    },
    "done": true
  },
  "l2weaponry:recipes/tools/generated/craft/gold_claw_enchanted": {
    "criteria": {
      "has_gold_ingot": "2024-10-10 06:51:58 +0000"
    },
    "done": true
  },
  "travelersbackpack:recipes/misc/enderman": {
    "criteria": {
      "has_ender_pearl": "2024-10-10 07:26:13 +0000"
    },
    "done": true
  },
  "l2weaponry:recipes/tools/generated/craft/gold_round_shield_enchanted": {
    "criteria": {
      "has_gold_ingot": "2024-10-10 06:51:58 +0000"
    },
    "done": true
  },
  "minecraft:story/upgrade_tools": {
    "criteria": {
      "stone_pickaxe": "2024-10-10 07:10:44 +0000"
    },
    "done": true
  },
  "minecraft:recipes/combat/diamond_helmet": {
    "criteria": {
      "has_diamond": "2024-10-10 06:52:20 +0000"
    },
    "done": true
  },
  "evilcraft:first_age": {
    "criteria": {
      "criteria_0": "2024-10-10 07:20:53 +0000"
    },
    "done": true
  },
  "travelersbackpack:recipes/misc/wolf": {
    "criteria": {
      "has_bone": "2024-10-10 06:53:18 +0000"
    },
    "done": true
  },
  "l2weaponry:recipes/tools/generated/craft/gold_nunchaku_enchanted": {
    "criteria": {
      "has_gold_ingot": "2024-10-10 06:51:58 +0000"
    },
    "done": true
  },
  "l2weaponry:recipes/combat/generated/upgrade/iron_nunchaku": {
    "criteria": {
      "has_iron_block": "2024-10-10 07:12:10 +0000"
    },
    "done": true
  },
  "minecraft:recipes/building_blocks/andesite": {
    "criteria": {
      "has_stone": "2024-10-10 07:19:55 +0000"
    },
    "done": true
  },
  "minecraft:recipes/building_blocks/cut_sandstone_slab_from_sandstone_stonecutting": {
    "criteria": {
      "has_sandstone": "2024-10-10 07:08:25 +0000"
    },
    "done": true
  },
  "minecraft:recipes/redstone/oak_pressure_plate": {
    "criteria": {
      "has_planks": "2024-10-10 07:00:53 +0000"
    },
    "done": true
  },
  "minecraft:recipes/building_blocks/sandstone_slab_from_sandstone_stonecutting": {
    "criteria": {
      "has_sandstone": "2024-10-10 07:08:25 +0000"
    },
    "done": true
  },
  "securitycraft:recipes/misc/smart_module": {
    "criteria": {
      "has_iron": "2024-10-10 06:51:58 +0000"
    },
    "done": true
  },
  "graveyard:graveyard/dark_iron": {
    "criteria": {
      "dark_iron": "2024-10-10 07:24:20 +0000"
    },
    "done": true
  },
  "minecraft:recipes/building_blocks/polished_andesite": {
    "criteria": {
      "has_andesite": "2024-10-10 07:10:51 +0000"
    },
    "done": true
  },
  "travelersbackpack:recipes/decorations/gray_sleeping_bag": {
    "criteria": {
      "has_gray_wool": "2024-10-10 06:52:41 +0000"
    },
    "done": true
  },
  "securitycraft:recipes/redstone/reinforced_mangrove_fence_gate": {
    "criteria": {
      "has_stick": "2024-10-10 06:54:20 +0000"
    },
    "done": true
  },
  "minecraft:recipes/redstone/oak_door": {
    "criteria": {
      "has_planks": "2024-10-10 07:00:53 +0000"
    },
    "done": true
  },
  "minecraft:recipes/misc/iron_ingot_from_iron_block": {
    "criteria": {
      "has_iron_block": "2024-10-10 07:12:10 +0000"
    },
    "done": true
  },
  "l2complements:recipes/misc/vanilla/upgrade/iron_leggings": {
    "criteria": {
      "has_iron_block": "2024-10-10 07:12:10 +0000"
    },
    "done": true
  },
  "minecraft:recipes/building_blocks/yellow_concrete_powder": {
    "criteria": {
      "has_sand": "2024-10-10 07:08:31 +0000"
    },
    "done": true
  },
  "mores:obtain_topaz": {
    "criteria": {
      "obtain_topaz_gem": "2024-10-10 06:51:57 +0000"
    },
    "done": true
  },
  "minecraft:recipes/combat/golden_sword": {
    "criteria": {
      "has_gold_ingot": "2024-10-10 06:51:58 +0000"
    },
    "done": true
  },
  "minecraft:recipes/tools/wooden_shovel": {
    "criteria": {
      "has_stick": "2024-10-10 06:54:20 +0000"
    },
    "done": true
  },
  "l2complements:recipes/enchantments/enchantments/shinny": {
    "criteria": {
      "has_gold_ingot": "2024-10-10 06:51:58 +0000"
    },
    "done": true
  },
  "securitycraft:recipes/misc/reinforced_mangrove_fence": {
    "criteria": {
      "has_stick": "2024-10-10 06:54:20 +0000"
    },
    "done": true
  },
  "securitycraft:recipes/building_blocks/reinforced_andesite": {
    "criteria": {
      "has_cobblestone": "2024-10-10 07:10:15 +0000"
    },
    "done": true
  },
  "securitycraft:recipes/redstone/reinforced_dark_oak_fence_gate": {
    "criteria": {
      "has_stick": "2024-10-10 06:54:20 +0000"
    },
    "done": true
  },
  "l2complements:recipes/misc/vanilla/upgrade/iron_pickaxe": {
    "criteria": {
      "has_iron_block": "2024-10-10 07:12:10 +0000"
    },
    "done": true
  },
  "apollyon:apollyon": {
    "criteria": {
      "apollyon": "2024-10-10 07:01:14 +0000"
    },
    "done": true
  },
  "minecraft:recipes/building_blocks/cobblestone_slab": {
    "criteria": {
      "has_cobblestone": "2024-10-10 07:10:15 +0000"
    },
    "done": true
  },
  "minecraft:recipes/building_blocks/deepslate_tiles_from_deepslate_bricks_stonecutting": {
    "criteria": {
      "has_deepslate_bricks": "2024-10-10 07:25:37 +0000"
    },
    "done": true
  },
  "minecraft:recipes/building_blocks/dripstone_block": {
    "criteria": {
      "has_pointed_dripstone": "2024-10-10 07:37:54 +0000"
    },
    "done": true
  },
  "spartanshields:recipes/golden_tower_shield": {
    "criteria": {
      "has_gold_ingot": "2024-10-10 06:51:58 +0000"
    },
    "done": true
  },
  "l2weaponry:recipes/tools/generated/craft/iron_dagger_enchanted": {
    "criteria": {
      "has_iron_ingot": "2024-10-10 06:51:58 +0000"
    },
    "done": true
  },
  "minecraft:recipes/building_blocks/gold_block": {
    "criteria": {
      "has_gold_ingot": "2024-10-10 06:51:58 +0000"
    },
    "done": true
  },
  "securitycraft:recipes/misc/trophy_system": {
    "criteria": {
      "has_iron": "2024-10-10 06:51:58 +0000"
    },
    "done": true
  },
  "minecraft:recipes/building_blocks/sandstone": {
    "criteria": {
      "has_sand": "2024-10-10 07:08:31 +0000"
    },
    "done": true
  },
  "minecraft:recipes/transportation/acacia_boat": {
    "criteria": {
      "in_water": "2024-10-10 06:51:40 +0000"
    },
    "done": true
  },
  "minecraft:recipes/redstone/iron_trapdoor": {
    "criteria": {
      "has_iron_ingot": "2024-10-10 06:51:58 +0000"
    },
    "done": true
  },
  "minecraft:adventure/root": {
    "criteria": {
      "killed_something": "2024-10-10 07:11:39 +0000"
    },
    "done": true
  },
  "minecraft:recipes/building_blocks/white_wool_from_string": {
    "criteria": {
      "has_string": "2024-10-10 07:04:22 +0000"
    },
    "done": true
  },
  "l2weaponry:recipes/tools/generated/craft/diamond_machete_enchanted": {
    "criteria": {
      "has_diamond": "2024-10-10 06:52:20 +0000"
    },
    "done": true
  },
  "travelersbackpack:recipes/misc/lapis": {
    "criteria": {
      "has_lapis_lazuli": "2024-10-10 07:23:05 +0000"
    },
    "done": true
  },
  "l2complements:recipes/enchantments/enchantments/snow_walker": {
    "criteria": {
      "has_leather": "2024-10-10 07:08:03 +0000"
    },
    "done": true
  },
  "minecraft:recipes/building_blocks/deepslate_brick_slab": {
    "criteria": {
      "has_deepslate_bricks": "2024-10-10 07:25:37 +0000"
    },
    "done": true
  },
  "travelersbackpack:recipes/misc/diamond": {
    "criteria": {
      "has_diamond": "2024-10-10 06:52:20 +0000"
    },
    "done": true
  },
  "mores:craft_all_battleaxes": {
    "criteria": {
      "obtain_emerald_battleaxe": "2024-10-10 07:27:16 +0000"
    },
    "done": false
  },
  "securitycraft:recipes/building_blocks/reinforced_diorite": {
    "criteria": {
      "has_cobblestone": "2024-10-10 07:10:15 +0000"
    },
    "done": true
  },
  "minecraft:recipes/decorations/deepslate_tile_wall_from_cobbled_deepslate_stonecutting": {
    "criteria": {
      "has_cobbled_deepslate": "2024-10-10 07:23:07 +0000"
    },
    "done": true
  },
  "minecraft:recipes/misc/iron_ingot_from_blasting_raw_iron": {
    "criteria": {
      "has_raw_iron": "2024-10-10 07:22:10 +0000"
    },
    "done": true
  },
  "l2weaponry:recipes/tools/generated/craft/diamond_dagger_enchanted": {
    "criteria": {
      "has_diamond": "2024-10-10 06:52:20 +0000"
    },
    "done": true
  },
  "minecraft:recipes/building_blocks/amethyst_block": {
    "criteria": {
      "has_amethyst_shard": "2024-10-10 07:26:14 +0000"
    },
    "done": true
  },
  "minecraft:recipes/combat/wooden_sword": {
    "criteria": {
      "has_stick": "2024-10-10 06:54:20 +0000"
    },
    "done": true
  },
  "minecraft:recipes/decorations/gray_banner": {
    "criteria": {
      "has_gray_wool": "2024-10-10 06:52:41 +0000"
    },
    "done": true
  },
  "minecraft:recipes/building_blocks/gray_concrete_powder": {
    "criteria": {
      "has_sand": "2024-10-10 07:08:31 +0000"
    },
    "done": true
  },
  "mores:craft_all_horse_armors": {
    "criteria": {
      "craft_steel_horse_armor": "2024-10-10 06:53:35 +0000"
    },
    "done": false
  },
  "l2weaponry:recipes/tools/generated/craft/diamond_claw_enchanted": {
    "criteria": {
      "has_diamond": "2024-10-10 06:52:20 +0000"
    },
    "done": true
  },
  "l2weaponry:recipes/tools/generated/craft/iron_hammer_enchanted": {
    "criteria": {
      "has_iron_ingot": "2024-10-10 06:51:58 +0000"
    },
    "done": true
  },
  "minecraft:recipes/tools/iron_axe": {
    "criteria": {
      "has_iron_ingot": "2024-10-10 06:51:58 +0000"
    },
    "done": true
  },
  "minecraft:recipes/building_blocks/black_concrete_powder": {
    "criteria": {
      "has_sand": "2024-10-10 07:08:31 +0000"
    },
    "done": true
  },
  "minecraft:recipes/combat/crossbow": {
    "criteria": {
      "has_iron_ingot": "2024-10-10 06:51:58 +0000"
    },
    "done": true
  },
  "l2weaponry:recipes/tools/generated/craft/iron_round_shield_enchanted": {
    "criteria": {
      "has_iron_ingot": "2024-10-10 06:51:58 +0000"
    },
    "done": true
  },
  "artifacts:amateur_archaeologist": {
    "criteria": {
      "find_artifact": "2024-10-10 06:56:40 +0000"
    },
    "done": true
  },
  "minecraft:recipes/building_blocks/deepslate_tile_slab": {
    "criteria": {
      "has_deepslate_tiles": "2024-10-10 07:23:29 +0000"
    },
    "done": true
  },
  "minecraft:recipes/building_blocks/polished_diorite_from_diorite_stonecutting": {
    "criteria": {
      "has_diorite": "2024-10-10 07:19:55 +0000"
    },
    "done": true
  },
  "minecraft:recipes/building_blocks/cracked_deepslate_bricks": {
    "criteria": {
      "has_deepslate_bricks": "2024-10-10 07:25:37 +0000"
    },
    "done": true
  },
  "minecraft:recipes/building_blocks/chiseled_deepslate": {
    "criteria": {
      "has_cobbled_deepslate_slab": "2024-10-10 07:38:46 +0000"
    },
    "done": true
  },
  "minecraft:recipes/misc/iron_nugget_from_blasting": {
    "criteria": {
      "has_iron_sword": "2024-10-10 06:51:59 +0000"
    },
    "done": true
  },
  "spore:spore": {
    "criteria": {
      "requirement": "2024-10-10 07:16:41 +0000"
    },
    "done": true
  },
  "minecraft:adventure/kill_a_mob": {
    "criteria": {
      "minecraft:spider": "2024-10-10 07:11:39 +0000"
    },
    "done": true
  },
  "l2weaponry:recipes/tools/generated/craft/gold_plate_shield_enchanted": {
    "criteria": {
      "has_gold_ingot": "2024-10-10 06:51:58 +0000"
    },
    "done": true
  },
  "minecraft:recipes/building_blocks/deepslate_bricks_from_cobbled_deepslate_stonecutting": {
    "criteria": {
      "has_cobbled_deepslate": "2024-10-10 07:23:07 +0000"
    },
    "done": true
  },
  "minecraft:adventure/adventuring_time": {
    "criteria": {
      "minecraft:river": "2024-10-10 06:51:39 +0000",
      "minecraft:dripstone_caves": "2024-10-10 07:17:51 +0000",
      "minecraft:desert": "2024-10-10 06:51:12 +0000",
      "minecraft:savanna": "2024-10-10 07:05:36 +0000"
    },
    "done": false
  },
  "l2weaponry:recipes/tools/generated/craft/gold_scythe_enchanted": {
    "criteria": {
      "has_gold_ingot": "2024-10-10 06:51:58 +0000"
    },
    "done": true
  },
  "minecraft:recipes/decorations/barrel": {
    "criteria": {
      "has_planks": "2024-10-10 07:00:53 +0000"
    },
    "done": true
  },
  "l2weaponry:recipes/tools/generated/craft/diamond_nunchaku_enchanted": {
    "criteria": {
      "has_diamond": "2024-10-10 06:52:20 +0000"
    },
    "done": true
  },
  "minecraft:recipes/combat/leather_boots": {
    "criteria": {
      "has_leather": "2024-10-10 07:08:03 +0000"
    },
    "done": true
  },
  "minecraft:recipes/decorations/cobblestone_wall_from_cobblestone_stonecutting": {
    "criteria": {
      "has_cobblestone": "2024-10-10 07:10:15 +0000"
    },
    "done": true
  },
  "travelersbackpack:recipes/misc/gold_tier_upgrade": {
    "criteria": {
      "has_gold_ingot": "2024-10-10 06:51:58 +0000"
    },
    "done": true
  },
  "minecraft:recipes/building_blocks/diamond_block": {
    "criteria": {
      "has_diamond": "2024-10-10 06:52:20 +0000"
    },
    "done": true
  },
  "l2weaponry:recipes/tools/generated/craft/diamond_hammer_enchanted": {
    "criteria": {
      "has_diamond": "2024-10-10 06:52:20 +0000"
    },
    "done": true
  },
  "celestisynth:recipes/decorations/starlit_factory_update_fix": {
    "criteria": {
      "has_item": "2024-10-10 07:07:13 +0000"
    },
    "done": true
  },
  "minecraft:recipes/building_blocks/deepslate_tile_slab_from_deepslate_bricks_stonecutting": {
    "criteria": {
      "has_deepslate_bricks": "2024-10-10 07:25:37 +0000"
    },
    "done": true
  },
  "minecraft:recipes/decorations/sandstone_wall": {
    "criteria": {
      "has_sandstone": "2024-10-10 07:08:25 +0000"
    },
    "done": true
  },
  "minecraft:recipes/decorations/andesite_wall": {
    "criteria": {
      "has_andesite": "2024-10-10 07:10:51 +0000"
    },
    "done": true
  },
  "minecraft:recipes/building_blocks/andesite_slab": {
    "criteria": {
      "has_andesite": "2024-10-10 07:10:51 +0000"
    },
    "done": true
  },
  "minecraft:recipes/building_blocks/cobblestone_stairs_from_cobblestone_stonecutting": {
    "criteria": {
      "has_cobblestone": "2024-10-10 07:10:15 +0000"
    },
    "done": true
  },
  "minecraft:recipes/building_blocks/polished_andesite_stairs_from_andesite_stonecutting": {
    "criteria": {
      "has_andesite": "2024-10-10 07:10:51 +0000"
    },
    "done": true
  },
  "minecraft:recipes/decorations/white_bed": {
    "criteria": {
      "has_white_wool": "2024-10-10 07:14:01 +0000"
    },
    "done": true
  },
  "minecraft:recipes/tools/golden_hoe": {
    "criteria": {
      "has_gold_ingot": "2024-10-10 06:51:58 +0000"
    },
    "done": true
  },
  "minecraft:recipes/building_blocks/diorite_slab_from_diorite_stonecutting": {
    "criteria": {
      "has_diorite": "2024-10-10 07:19:55 +0000"
    },
    "done": true
  },
  "securitycraft:recipes/misc/reinforced_birch_fence": {
    "criteria": {
      "has_stick": "2024-10-10 06:54:20 +0000"
    },
    "done": true
  },
  "securitycraft:recipes/misc/speed_module": {
    "criteria": {
      "has_iron": "2024-10-10 06:51:58 +0000"
    },
    "done": true
  },
  "minecraft:recipes/misc/firework_rocket_simple": {
    "criteria": {
      "has_gunpowder": "2024-10-10 06:52:11 +0000"
    },
    "done": true
  },
  "minecraft:husbandry/balanced_diet": {
    "criteria": {
      "cooked_cod": "2024-10-10 07:13:35 +0000",
      "bread": "2024-10-10 07:00:34 +0000"
    },
    "done": false
  },
  "securitycraft:recipes/misc/reinforced_dark_oak_fence": {
    "criteria": {
      "has_stick": "2024-10-10 06:54:20 +0000"
    },
    "done": true
  },
  "securitycraft:recipes/misc/reinforced_oak_fence": {
    "criteria": {
      "has_stick": "2024-10-10 06:54:20 +0000"
    },
    "done": true
  },
  "securitycraft:recipes/misc/camera_monitor": {
    "criteria": {
      "has_iron": "2024-10-10 06:51:58 +0000"
    },
    "done": true
  },
  "minecraft:recipes/building_blocks/cobblestone_stairs": {
    "criteria": {
      "has_cobblestone": "2024-10-10 07:10:15 +0000"
    },
    "done": true
  },
  "minecraft:recipes/building_blocks/polished_diorite_slab_from_diorite_stonecutting": {
    "criteria": {
      "has_diorite": "2024-10-10 07:19:55 +0000"
    },
    "done": true
  },
  "minecraft:recipes/building_blocks/deepslate_tiles_from_cobbled_deepslate_stonecutting": {
    "criteria": {
      "has_cobbled_deepslate": "2024-10-10 07:23:07 +0000"
    },
    "done": true
  },
  "securitycraft:recipes/tools/universal_owner_changer": {
    "criteria": {
      "has_name_tag": "2024-10-10 06:52:15 +0000"
    },
    "done": true
  },
  "l2complements:recipes/burnt/burnt/cooked_salmon": {
    "criteria": {
      "has_cooked_salmon": "2024-10-10 06:52:21 +0000"
    },
    "done": true
  },
  "minecraft:recipes/redstone/tnt": {
    "criteria": {
      "has_gunpowder": "2024-10-10 06:52:11 +0000"
    },
    "done": true
  },
  "minecraft:recipes/building_blocks/purple_concrete_powder": {
    "criteria": {
      "has_sand": "2024-10-10 07:08:31 +0000"
    },
    "done": true
  },
  "l2weaponry:recipes/combat/generated/upgrade/iron_dagger": {
    "criteria": {
      "has_iron_block": "2024-10-10 07:12:10 +0000"
    },
    "done": true
  },
  "securitycraft:recipes/redstone/reinforced_oak_fence_gate": {
    "criteria": {
      "has_stick": "2024-10-10 06:54:20 +0000"
    },
    "done": true
  },
  "mores:obtain_silver_ore": {
    "criteria": {
      "obtain_silver_ore": "2024-10-10 07:23:08 +0000"
    },
    "done": true
  },
  "minecraft:recipes/tools/stone_hoe": {
    "criteria": {
      "has_cobblestone": "2024-10-10 07:10:15 +0000"
    },
    "done": true
  },
  "l2complements:recipes/misc/vanilla/upgrade/iron_hoe": {
    "criteria": {
      "has_iron_block": "2024-10-10 07:12:10 +0000"
    },
    "done": true
  },
  "l2weaponry:recipes/tools/generated/craft/iron_scythe_enchanted": {
    "criteria": {
      "has_iron_ingot": "2024-10-10 06:51:58 +0000"
    },
    "done": true
  },
  "l2weaponry:recipes/tools/generated/craft/gold_hammer_enchanted": {
    "criteria": {
      "has_gold_ingot": "2024-10-10 06:51:58 +0000"
    },
    "done": true
  },
  "minecraft:story/mine_diamond": {
    "criteria": {
      "diamond": "2024-10-10 06:52:20 +0000"
    },
    "done": true
  },
  "securitycraft:recipes/misc/redstone_module": {
    "criteria": {
      "has_iron": "2024-10-10 06:51:58 +0000"
    },
    "done": true
  },
  "securitycraft:recipes/misc/reinforced_bamboo_fence": {
    "criteria": {
      "has_stick": "2024-10-10 06:54:20 +0000"
    },
    "done": true
  },
  "minecraft:recipes/decorations/anvil": {
    "criteria": {
      "has_iron_block": "2024-10-10 07:12:10 +0000"
    },
    "done": true
  },
  "minecraft:recipes/building_blocks/cyan_concrete_powder": {
    "criteria": {
      "has_sand": "2024-10-10 07:08:31 +0000"
    },
    "done": true
  },
  "minecraft:recipes/decorations/loom": {
    "criteria": {
      "has_string": "2024-10-10 07:04:22 +0000"
    },
    "done": true
  },
  "minecraft:recipes/tools/diamond_axe": {
    "criteria": {
      "has_diamond": "2024-10-10 06:52:20 +0000"
    },
    "done": true
  },
  "securitycraft:recipes/misc/reinforced_crimson_fence": {
    "criteria": {
      "has_stick": "2024-10-10 06:54:20 +0000"
    },
    "done": true
  },
  "l2complements:recipes/burnt/burnt/rotten_flesh": {
    "criteria": {
      "has_rotten_flesh": "2024-10-10 06:52:16 +0000"
    },
    "done": true
  },
  "minecraft:recipes/tools/stone_shovel": {
    "criteria": {
      "has_cobblestone": "2024-10-10 07:10:15 +0000"
    },
    "done": true
  },
  "minecraft:recipes/building_blocks/diorite_stairs": {
    "criteria": {
      "has_diorite": "2024-10-10 07:19:55 +0000"
    },
    "done": true
  },
  "l2complements:recipes/enchantments/enchantments/ender_reach": {
    "criteria": {
      "has_ender_pearl": "2024-10-10 07:26:13 +0000"
    },
    "done": true
  },
  "mores:obtain_cobalt_ore": {
    "criteria": {
      "obtain_cobalt_ore": "2024-10-10 07:22:42 +0000"
    },
    "done": true
  },
  "graveyard:graveyard/corruption": {
    "criteria": {
      "corruption": "2024-10-10 07:38:28 +0000"
    },
    "done": true
  },
  "minecraft:story/root": {
    "criteria": {
      "crafting_table": "2024-10-10 07:07:13 +0000"
    },
    "done": true
  },
  "mores:acquire_hardware": {
    "criteria": {
      "iron": "2024-10-10 06:51:58 +0000"
    },
    "done": true
  },
  "securitycraft:recipes/misc/door_indestructible_iron_item": {
    "criteria": {
      "has_iron": "2024-10-10 06:51:58 +0000"
    },
    "done": true
  },
  "securitycraft:recipes/misc/reinforced_spruce_fence": {
    "criteria": {
      "has_stick": "2024-10-10 06:54:20 +0000"
    },
    "done": true
  },
  "l2weaponry:recipes/tools/generated/craft/iron_javelin_enchanted": {
    "criteria": {
      "has_iron_ingot": "2024-10-10 06:51:58 +0000"
    },
    "done": true
  },
  "minecraft:recipes/redstone/iron_door": {
    "criteria": {
      "has_iron_ingot": "2024-10-10 06:51:58 +0000"
    },
    "done": true
  },
  "securitycraft:recipes/tools/universal_block_remover": {
    "criteria": {
      "has_iron": "2024-10-10 06:51:58 +0000"
    },
    "done": true
  },
  "minecraft:recipes/transportation/jungle_boat": {
    "criteria": {
      "in_water": "2024-10-10 06:51:40 +0000"
    },
    "done": true
  },
  "minecraft:recipes/redstone/heavy_weighted_pressure_plate": {
    "criteria": {
      "has_iron_ingot": "2024-10-10 06:51:58 +0000"
    },
    "done": true
  },
  "minecraft:recipes/transportation/dark_oak_boat": {
    "criteria": {
      "in_water": "2024-10-10 06:51:40 +0000"
    },
    "done": true
  },
  "minecraft:recipes/combat/golden_leggings": {
    "criteria": {
      "has_gold_ingot": "2024-10-10 06:51:58 +0000"
    },
    "done": true
  },
  "l2weaponry:recipes/tools/generated/craft/diamond_spear_enchanted": {
    "criteria": {
      "has_diamond": "2024-10-10 06:52:20 +0000"
    },
    "done": true
  },
  "minecraft:recipes/building_blocks/deepslate_brick_slab_from_deepslate_bricks_stonecutting": {
    "criteria": {
      "has_deepslate_bricks": "2024-10-10 07:25:37 +0000"
    },
    "done": true
  },
  "travelersbackpack:recipes/misc/hay": {
    "criteria": {
      "has_wheat": "2024-10-10 06:51:52 +0000"
    },
    "done": true
  },
  "mores:obtain_emerald": {
    "criteria": {
      "obtain_topaz_gem": "2024-10-10 06:52:23 +0000"
    },
    "done": true
  },
  "l2weaponry:recipes/tools/generated/craft/diamond_plate_shield_enchanted": {
    "criteria": {
      "has_diamond": "2024-10-10 06:52:20 +0000"
    },
    "done": true
  },
  "l2complements:recipes/misc/vanilla/upgrade/iron_sword": {
    "criteria": {
      "has_iron_block": "2024-10-10 07:12:10 +0000"
    },
    "done": true
  },
  "minecraft:recipes/building_blocks/bone_block": {
    "criteria": {
      "has_bone_meal": "2024-10-10 07:06:25 +0000"
    },
    "done": true
  },
  "DataVersion": 3465
}